date,aluminium_close,aluminium_volume
2016-01-04,1473.0,35960.0
2016-01-05,1462.5,65090.0
2016-01-06,1474.0,27610.0
2016-01-07,1473.5,29900.0
2016-01-08,1491.75,48780.0
2016-01-11,1459.0,49910.0
2016-01-12,1449.5,43920.0
2016-01-13,1462.5,50560.0
2016-01-14,1483.0,51600.0
2016-01-15,1473.0,32840.0
2016-01-18,1480.25,30700.0
2016-01-19,1481.0,24770.0
2016-01-20,1469.0,46110.0
2016-01-21,1482.5,13350.0
2016-01-22,1482.25,11080.0
2016-01-25,1476.5,15690.0
2016-01-26,1495.75,25450.0
2016-01-27,1527.0,16290.0
2016-01-28,1514.0,22480.0
2016-01-29,1519.25,19570.0
2016-02-01,1520.75,15410.0
2016-02-02,1500.5,27890.0
2016-02-03,1524.5,25220.0
2016-02-04,1533.75,20980.0
2016-02-05,1496.5,42550.0
2016-02-08,1498.25,32400.0
2016-02-09,1477.25,33590.0
2016-02-10,1476.0,39400.0
2016-02-11,1481.0,18450.0
2016-02-12,1496.5,15510.0
2016-02-15,1509.75,11300.0
2016-02-16,1521.0,13940.0
2016-02-17,1517.75,14980.0
2016-02-18,1517.0,40370.0
2016-02-19,1551.0,23140.0
2016-02-22,1575.75,37950.0
2016-02-23,1549.5,12280.0
2016-02-24,1568.5,26400.0
2016-02-25,1558.0,26510.0
2016-02-26,1561.0,15890.0
2016-02-29,1573.5,13060.0
2016-03-01,1572.75,19350.0
2016-03-02,1588.75,15700.0
2016-03-03,1576.5,27240.0
2016-03-04,1586.25,15020.0
2016-03-07,1598.0,17220.0
2016-03-08,1566.25,22320.0
2016-03-09,1579.75,25070.0
2016-03-10,1558.0,26870.0
2016-03-11,1560.0,23990.0
2016-03-14,1540.0,24000.0
2016-03-15,1520.0,71700.0
2016-03-16,1509.0,39010.0
2016-03-17,1529.25,30400.0
2016-03-18,1521.0,28290.0
2016-03-21,1511.0,26340.0
2016-03-22,1498.75,33130.0
2016-03-23,1477.5,29370.0
2016-03-24,1473.5,33780.0
2016-03-29,1485.25,45340.0
2016-03-30,1492.0,32020.000000000004
2016-03-31,1516.5,30430.0
2016-04-01,1532.25,28300.0
2016-04-04,1532.0,21490.0
2016-04-05,1517.5,27030.0
2016-04-06,1510.5,26490.0
2016-04-07,1498.75,38010.0
2016-04-08,1515.75,21810.0
2016-04-11,1504.5,26250.0
2016-04-12,1530.0,37650.0
2016-04-13,1556.0,41620.0
2016-04-14,1557.0,38760.0
2016-04-15,1553.5,29620.0
2016-04-18,1572.0,35880.0
2016-04-19,1586.0,27270.0
2016-04-20,1622.0,110210.0
2016-04-21,1637.0,23550.0
2016-04-22,1654.5,13410.0
2016-04-25,1656.5,10200.0
2016-04-26,1650.0,13810.0
2016-04-27,1645.0,19600.0
2016-04-28,1667.75,30950.0
2016-04-29,1681.75,25900.0
2016-05-03,1633.5,28470.0
2016-05-04,1633.0,19340.0
2016-05-05,1608.0,20560.0
2016-05-06,1597.0,25440.0
2016-05-09,1558.5,27780.0
2016-05-10,1551.25,26680.0
2016-05-11,1560.75,18870.0
2016-05-12,1541.0,19680.0
2016-05-13,1530.5,25190.0
2016-05-16,1543.0,12690.0
2016-05-17,1545.0,55010.0
2016-05-18,1551.75,28650.0
2016-05-19,1545.0,15460.0
2016-05-20,1547.0,14370.0
2016-05-23,1553.5,8490.0
2016-05-24,1555.5,14430.0
2016-05-25,1543.5,10440.0
2016-05-26,1554.75,17310.0
2016-05-27,1554.5,14760.0
2016-05-31,1553.75,15750.0
2016-06-01,1566.5,17830.0
2016-06-02,1537.5,15910.0
2016-06-03,1541.5,14270.0
2016-06-06,1549.25,13040.0
2016-06-07,1561.25,22760.0
2016-06-08,1601.25,25720.0
2016-06-09,1574.25,24330.0
2016-06-10,1570.75,22270.0
2016-06-13,1597.5,18350.0
2016-06-14,1611.0,40540.0
2016-06-15,1627.0,22820.0
2016-06-16,1604.75,20980.0
2016-06-17,1615.0,20460.0
2016-06-20,1633.15,29070.0
2016-06-21,1635.5,52780.0
2016-06-22,1635.25,21310.0
2016-06-23,1643.25,19950.0
2016-06-24,1618.75,16530.0
2016-06-27,1596.75,11780.0
2016-06-28,1625.0,16110.0
2016-06-29,1637.25,31360.0
2016-06-30,1651.25,37970.0
2016-07-01,1666.25,34720.0
2016-07-04,1651.25,20570.0
2016-07-05,1655.5,27280.0
2016-07-06,1652.75,28140.0
2016-07-07,1637.75,21160.0
2016-07-08,1663.5,26470.0
2016-07-11,1651.5,31030.0
2016-07-12,1674.0,45780.0
2016-07-13,1670.5,36740.0
2016-07-14,1680.5,19620.0
2016-07-15,1664.75,20130.0
2016-07-18,1654.75,19720.0
2016-07-19,1647.0,37310.0
2016-07-20,1625.25,20880.0
2016-07-21,1601.0,16840.0
2016-07-22,1611.25,20580.0
2016-07-25,1604.75,11060.0
2016-07-26,1591.5,12550.0
2016-07-27,1591.5,17820.0
2016-07-28,1608.25,14220.0
2016-07-29,1644.0,19050.0
2016-08-01,1633.5,20350.0
2016-08-02,1623.0,17190.0
2016-08-03,1640.0,20150.0
2016-08-04,1619.75,12370.0
2016-08-05,1642.0,10340.0
2016-08-08,1639.25,20210.0
2016-08-09,1638.25,24840.0
2016-08-10,1643.0,17320.0
2016-08-11,1649.0,13070.0
2016-08-12,1651.0,9450.0
2016-08-15,1672.5,25340.0
2016-08-16,1693.0,58250.0
2016-08-17,1694.75,24580.0
2016-08-18,1683.5,15480.0
2016-08-19,1667.25,12890.0
2016-08-22,1667.5,9660.0
2016-08-23,1669.25,7290.0
2016-08-24,1645.75,18660.0
2016-08-25,1643.75,18940.0
2016-08-26,1641.5,10470.0
2016-08-30,1627.75,21460.0
2016-08-31,1610.75,29810.0
2016-09-01,1611.0,17840.0
2016-09-02,1590.0,14850.0
2016-09-05,1576.0,7560.0
2016-09-06,1585.0,15010.0
2016-09-07,1588.75,18800.0
2016-09-08,1586.25,17230.0
2016-09-09,1573.5,22300.0
2016-09-12,1562.5,22580.0
2016-09-13,1559.5,22140.0
2016-09-14,1579.5,22970.0
2016-09-15,1566.5,12010.0
2016-09-16,1570.5,12180.0
2016-09-19,1577.25,16590.0
2016-09-20,1576.25,51510.0
2016-09-21,1584.0,38670.0
2016-09-22,1635.25,36760.0
2016-09-23,1638.75,35910.0
2016-09-26,1662.0,27770.0
2016-09-27,1652.25,38260.0
2016-09-28,1666.25,29120.0
2016-09-29,1672.5,20560.0
2016-09-30,1674.5,36340.0
2016-10-03,1678.0,28350.0
2016-10-04,1669.25,35940.0
2016-10-05,1675.25,25550.0
2016-10-06,1677.5,75440.0
2016-10-07,1675.5,36750.0
2016-10-10,1689.0,55300.0
2016-10-11,1677.25,176340.0
2016-10-12,1683.0,205990.0
2016-10-13,1689.75,33540.0
2016-10-14,1672.0,22040.0
2016-10-17,1657.0,48320.0
2016-10-18,1642.0,72930.0
2016-10-19,1631.75,40450.0
2016-10-20,1612.25,26160.0
2016-10-21,1625.25,23110.0
2016-10-24,1630.5,18550.0
2016-10-25,1669.0,27340.0
2016-10-26,1679.5,16670.0
2016-10-27,1699.5,39610.0
2016-10-28,1720.0,20330.0
2016-10-31,1735.25,28190.0
2016-11-01,1736.5,22170.0
2016-11-02,1727.5,16400.0
2016-11-03,1732.5,20200.0
2016-11-04,1722.0,18280.0
2016-11-07,1726.25,37890.0
2016-11-08,1729.75,29090.0
2016-11-09,1751.5,32910.0
2016-11-10,1768.5,61310.0
2016-11-11,1742.5,51600.0
2016-11-14,1732.5,36910.0
2016-11-15,1735.0,79500.0
2016-11-16,1697.5,22960.0
2016-11-17,1688.5,11340.0
2016-11-18,1694.75,20800.0
2016-11-21,1722.25,13310.0
2016-11-22,1760.25,17220.0
2016-11-23,1778.0,11180.0
2016-11-24,1770.0,9420.0
2016-11-25,1756.75,8800.0
2016-11-28,1746.0,15260.0
2016-11-29,1720.0,15810.0
2016-11-30,1731.0,17490.0
2016-12-01,1720.25,14820.0
2016-12-02,1712.75,14460.0
2016-12-05,1733.0,14720.0
2016-12-06,1707.5,17790.0
2016-12-07,1706.5,21230.0
2016-12-08,1723.0,29220.0
2016-12-09,1749.0,24470.0
2016-12-12,1729.75,14580.0
2016-12-13,1739.5,33650.0
2016-12-14,1744.25,20750.0
2016-12-15,1733.5,32830.0
2016-12-16,1714.5,22850.0
2016-12-19,1710.25,28380.0
2016-12-20,1721.25,33320.0
2016-12-21,1725.75,27950.0
2016-12-22,1722.75,32930.0
2016-12-23,1720.0,12090.0
2016-12-28,1705.25,25540.0
2016-12-29,1679.0,27890.0
2016-12-30,1692.75,27660.0
2017-01-03,1686.25,35360.0
2017-01-04,1684.0,31890.0
2017-01-05,1701.0,31230.0
2017-01-06,1711.75,23700.0
2017-01-09,1725.0,32330.0
2017-01-10,1748.0,43540.0
2017-01-11,1756.75,35610.0
2017-01-12,1788.0,49620.0
2017-01-13,1807.0,46980.0
2017-01-16,1789.75,23890.0
2017-01-17,1798.25,25630.0
2017-01-18,1834.5,23620.0
2017-01-19,1826.0,50610.0
2017-01-20,1846.0,27540.0
2017-01-23,1850.0,10240.0
2017-01-24,1867.25,15800.0
2017-01-25,1833.0,13680.0
2017-01-26,1819.25,21840.0
2017-01-27,1815.0,11810.0
2017-01-30,1800.5,11900.0
2017-01-31,1818.0,17470.0
2017-02-01,1817.0,22250.0
2017-02-02,1827.0,30280.0
2017-02-03,1832.25,17800.0
2017-02-06,1831.75,14580.0
2017-02-07,1827.25,26380.0
2017-02-08,1844.0,27310.0
2017-02-09,1846.5,33520.0
2017-02-10,1870.5,28700.0
2017-02-13,1867.5,32630.000000000004
2017-02-14,1887.0,19290.0
2017-02-15,1913.0,16010.000000000002
2017-02-16,1896.25,19330.0
2017-02-17,1880.0,54870.0
2017-02-20,1900.5,12020.0
2017-02-21,1886.5,17550.0
2017-02-22,1885.25,33190.0
2017-02-23,1868.0,29450.0
2017-02-24,1886.25,28060.0
2017-02-27,1901.5,30180.0
2017-02-28,1925.0,46800.0
2017-03-01,1950.5,36300.0
2017-03-02,1911.5,24210.0
2017-03-03,1892.25,19360.0
2017-03-06,1875.0,28410.0
2017-03-07,1874.75,33160.0
2017-03-08,1875.5,26520.0
2017-03-09,1865.25,29090.0
2017-03-10,1877.0,27380.0
2017-03-13,1877.0,34490.0
2017-03-14,1859.5,42020.0
2017-03-15,1886.5,13370.0
2017-03-16,1899.75,18850.0
2017-03-17,1914.25,16940.0
2017-03-20,1922.0,20240.0
2017-03-21,1927.0,68940.0
2017-03-22,1923.75,27380.0
2017-03-23,1934.75,21190.0
2017-03-24,1940.5,11790.0
2017-03-27,1931.0,15720.0
2017-03-28,1945.25,21340.0
2017-03-29,1962.0,29870.0
2017-03-30,1974.25,32470.0
2017-03-31,1964.25,34420.0
2017-04-03,1953.0,40960.0
2017-04-04,1938.5,24120.0
2017-04-05,1961.25,32200.000000000004
2017-04-06,1953.0,27410.0
2017-04-07,1960.75,71240.0
2017-04-10,1924.75,42970.0
2017-04-11,1919.25,47860.0
2017-04-12,1896.25,45930.0
2017-04-13,1907.0,37990.0
2017-04-18,1891.25,18570.0
2017-04-19,1903.0,47890.0
2017-04-20,1943.75,25250.0
2017-04-21,1934.0,16580.0
2017-04-24,1946.0,17610.0
2017-04-25,1963.25,18330.0
2017-04-26,1964.75,21700.0
2017-04-27,1924.0,18710.0
2017-04-28,1911.25,35130.0
2017-05-02,1928.75,21850.0
2017-05-03,1923.0,21830.0
2017-05-04,1911.5,22180.0
2017-05-05,1902.0,34340.0
2017-05-08,1878.0,30030.0
2017-05-09,1868.5,57690.0
2017-05-10,1863.5,27080.0
2017-05-11,1873.5,16160.0
2017-05-12,1889.25,15040.0
2017-05-15,1902.25,20330.0
2017-05-16,1923.0,57750.0
2017-05-17,1925.25,22330.0
2017-05-18,1923.75,10560.0
2017-05-19,1944.5,13240.0
2017-05-22,1938.5,10620.0
2017-05-23,1943.75,7540.0
2017-05-24,1945.5,11350.0
2017-05-25,1960.75,13150.0
2017-05-26,1951.5,17410.0
2017-05-30,1925.5,14850.0
2017-05-31,1927.75,19720.0
2017-06-01,1926.5,17640.0
2017-06-02,1930.0,18290.0
2017-06-05,1901.5,21500.0
2017-06-06,1899.5,20970.0
2017-06-07,1904.25,33990.0
2017-06-08,1901.0,25860.0
2017-06-09,1905.0,21760.0
2017-06-12,1886.0,30060.0
2017-06-13,1885.75,29230.0
2017-06-14,1879.0,18190.0
2017-06-15,1867.75,20650.0
2017-06-16,1863.0,20740.0
2017-06-19,1881.75,27370.0
2017-06-20,1886.5,73760.0
2017-06-21,1867.25,44200.0
2017-06-22,1870.5,29220.0
2017-06-23,1865.5,21390.0
2017-06-26,1862.0,26500.0
2017-06-27,1883.5,27960.0
2017-06-28,1896.5,21150.0
2017-06-29,1915.75,31990.0
2017-06-30,1919.5,27310.0
2017-07-03,1926.75,29130.0
2017-07-04,1927.75,9910.0
2017-07-05,1928.5,28200.0
2017-07-06,1943.75,34590.0
2017-07-07,1929.75,23860.0
2017-07-10,1895.0,47410.0
2017-07-11,1897.5,33360.0
2017-07-12,1886.25,53910.0
2017-07-13,1920.25,52140.0
2017-07-14,1923.75,29730.0
2017-07-17,1913.25,29400.0
2017-07-18,1931.0,56240.0
2017-07-19,1920.25,16920.0
2017-07-20,1917.0,22830.0
2017-07-21,1915.25,13390.0
2017-07-24,1911.5,11670.0
2017-07-25,1929.25,15660.0
2017-07-26,1941.0,12840.0
2017-07-27,1936.5,13370.0
2017-07-28,1904.5,17750.0
2017-07-31,1914.75,14150.0
2017-08-01,1903.75,18690.0
2017-08-02,1922.5,14790.0
2017-08-03,1912.75,13820.0
2017-08-04,1907.0,14290.0
2017-08-07,1960.0,19550.0
2017-08-08,2026.5,41830.0
2017-08-09,2024.25,33490.0
2017-08-10,2033.75,24480.0
2017-08-11,2040.0,23650.0
2017-08-14,2018.75,27240.0
2017-08-15,2049.0,60790.0
2017-08-16,2094.25,27540.0
2017-08-17,2076.25,18630.0
2017-08-18,2062.25,16180.0
2017-08-21,2080.25,12450.0
2017-08-22,2074.25,20260.0
2017-08-23,2096.25,21050.0
2017-08-24,2105.75,12110.0
2017-08-25,2069.75,13810.0
2017-08-29,2094.25,19800.0
2017-08-30,2086.5,19220.0
2017-08-31,2116.0,20750.0
2017-09-01,2134.5,17610.0
2017-09-04,2117.0,11450.0
2017-09-05,2093.0,53870.0
2017-09-06,2101.25,29310.0
2017-09-07,2103.25,23810.0
2017-09-08,2095.0,21670.0
2017-09-11,2116.5,33970.0
2017-09-12,2130.5,35080.0
2017-09-13,2102.5,43160.0
2017-09-14,2090.25,41070.0
2017-09-15,2077.75,43310.0
2017-09-18,2079.75,36900.0
2017-09-19,2124.75,38950.0
2017-09-20,2177.0,102620.0
2017-09-21,2171.5,28990.0
2017-09-22,2158.75,21560.0
2017-09-25,2147.5,31560.0
2017-09-26,2124.25,164890.0
2017-09-27,2129.5,166900.0
2017-09-28,2128.75,18580.0
2017-09-29,2099.5,28570.0
2017-10-02,2097.75,27700.0
2017-10-03,2127.75,27790.0
2017-10-04,2163.0,23000.0
2017-10-05,2168.5,27570.0
2017-10-06,2151.0,29970.0
2017-10-09,2170.5,41420.0
2017-10-10,2159.75,34280.0
2017-10-11,2126.75,43430.0
2017-10-12,2143.25,45880.0
2017-10-13,2130.5,24610.0
2017-10-16,2130.25,31820.0
2017-10-17,2140.0,50000.0
2017-10-18,2121.5,27610.0
2017-10-19,2154.0,21450.0
2017-10-20,2136.5,16090.0
2017-10-23,2137.0,8960.0
2017-10-24,2155.0,12200.0
2017-10-25,2186.25,8460.0
2017-10-26,2190.25,14050.0
2017-10-27,2167.75,16050.0
2017-10-30,2161.75,14580.0
2017-10-31,2158.5,15730.0
2017-11-01,2183.75,22780.0
2017-11-02,2171.5,24500.0
2017-11-03,2182.25,20740.0
2017-11-06,2167.5,12770.0
2017-11-07,2127.75,32390.0
2017-11-08,2104.25,28200.0
2017-11-09,2088.0,36800.0
2017-11-10,2096.0,31520.0
2017-11-13,2103.0,26250.0
2017-11-14,2082.25,32400.0
2017-11-15,2106.25,11090.0
2017-11-16,2102.5,8520.0
2017-11-17,2104.5,8440.0
2017-11-20,2085.75,10720.0
2017-11-21,2082.0,36990.0
2017-11-22,2107.0,11340.0
2017-11-23,2113.25,5020.0
2017-11-24,2132.25,6860.0
2017-11-27,2134.5,9230.0
2017-11-28,2101.75,16140.0
2017-11-29,2067.0,18730.0
2017-11-30,2046.5,66380.0
2017-12-01,2072.75,21280.0
2017-12-04,2066.5,18760.0
2017-12-05,2049.75,18610.0
2017-12-06,2016.75,21650.0
2017-12-07,2007.5,24880.0
2017-12-08,2007.75,15560.0
2017-12-11,2018.25,24570.0
2017-12-12,2012.5,29040.0
2017-12-13,2005.25,31790.0
2017-12-14,2045.75,20620.0
2017-12-15,2062.5,24940.0
2017-12-18,2069.75,17380.0
2017-12-19,2099.5,54830.0
2017-12-20,2122.25,21010.0
2017-12-21,2148.0,67300.0
2017-12-22,2194.0,36780.0
2017-12-27,2256.0,46090.0
2017-12-28,2288.0,44790.0
2017-12-29,2271.5,41020.0
2018-01-02,2267.0,50520.0
2018-01-03,2228.5,41070.0
2018-01-04,2250.0,35900.0
2018-01-05,2201.75,31430.0
2018-01-08,2173.0,50210.0
2018-01-09,2149.5,47910.0
2018-01-10,2179.0,68320.0
2018-01-11,2172.25,53770.0
2018-01-12,2210.75,59950.0
2018-01-15,2223.75,30330.0
2018-01-16,2188.5,13540.0
2018-01-17,2191.5,11610.0
2018-01-18,2241.0,75760.0
2018-01-19,2220.5,17460.0
2018-01-22,2249.0,8750.0
2018-01-23,2229.75,11220.0
2018-01-24,2250.25,14010.0
2018-01-25,2241.0,10380.0
2018-01-26,2257.0,12580.0
2018-01-29,2223.75,12630.0
2018-01-30,2206.0,16920.0
2018-01-31,2218.5,35620.0
2018-02-01,2223.75,13480.0
2018-02-02,2208.5,19790.0
2018-02-05,2209.0,22190.0
2018-02-06,2167.0,26600.0
2018-02-07,2156.0,27170.0
2018-02-08,2169.0,32189.999999999996
2018-02-09,2122.0,33790.0
2018-02-12,2124.0,33260.0
2018-02-13,2136.0,30580.0
2018-02-14,2174.75,33810.0
2018-02-15,2161.75,20370.0
2018-02-16,2207.0,34060.0
2018-02-19,2214.5,24240.0
2018-02-20,2186.0,16970.0
2018-02-21,2202.0,15650.0
2018-02-22,2185.5,9360.0
2018-02-23,2140.0,15500.0
2018-02-26,2137.75,9300.0
2018-02-27,2146.5,15650.0
2018-02-28,2131.5,33470.0
2018-03-01,2146.5,20210.0
2018-03-02,2148.0,22080.0
2018-03-05,2143.75,21070.0
2018-03-06,2143.5,16320.0
2018-03-07,2092.25,44740.0
2018-03-08,2101.25,36480.0
2018-03-09,2115.25,30590.0
2018-03-12,2085.25,31280.0
2018-03-13,2097.75,23980.0
2018-03-14,2083.75,23100.0
2018-03-15,2078.75,27690.0
2018-03-16,2079.5,8210.0
2018-03-19,2082.5,28960.0
2018-03-20,2076.0,85930.0
2018-03-21,2081.5,39410.0
2018-03-22,2075.0,27560.0
2018-03-23,2050.75,25070.0
2018-03-26,2051.25,29100.0
2018-03-27,2043.5,34610.0
2018-03-28,2025.5,36010.0
2018-03-29,2003.25,58890.0
2018-04-03,1976.25,49000.0
2018-04-04,1987.75,48830.0
2018-04-05,2005.25,41510.0
2018-04-06,2040.0,52220.0
2018-04-09,2143.0,121890.0
2018-04-10,2205.25,95630.0
2018-04-11,2255.0,88650.0
2018-04-12,2341.0,87730.0
2018-04-13,2291.0,96320.0
2018-04-16,2408.0,54650.0
2018-04-17,2404.75,39390.0
2018-04-18,2537.0,152040.0
2018-04-19,2490.5,65160.0
2018-04-20,2475.5,39820.0
2018-04-23,2298.0,35650.0
2018-04-24,2230.0,54340.0
2018-04-25,2248.5,33520.0
2018-04-26,2280.5,30870.0
2018-04-27,2228.0,31020.0
2018-04-30,2261.5,26880.0
2018-05-01,2269.0,26770.0
2018-05-02,2333.5,44310.0
2018-05-03,2283.0,35360.0
2018-05-04,2380.0,38670.0
2018-05-08,2391.5,52190.0
2018-05-09,2386.0,69660.0
2018-05-10,2347.0,47600.0
2018-05-11,2298.5,50150.0
2018-05-14,2335.5,26100.0
2018-05-15,2327.0,57120.0
2018-05-16,2317.0,42110.0
2018-05-17,2294.0,19380.0
2018-05-18,2270.5,31650.0
2018-05-21,2279.5,29950.0
2018-05-22,2268.75,13700.0
2018-05-23,2269.0,31830.0
2018-05-24,2280.5,21860.0
2018-05-25,2261.5,12280.0
2018-05-29,2272.75,16050.0
2018-05-30,2267.5,15140.0
2018-05-31,2289.5,21210.0
2018-06-01,2302.5,12690.0
2018-06-04,2313.0,21140.0
2018-06-05,2309.5,21520.0
2018-06-06,2343.0,17740.0
2018-06-07,2309.75,24670.0
2018-06-08,2297.5,28910.0
2018-06-11,2299.5,39520.0
2018-06-12,2301.0,22800.0
2018-06-13,2273.75,40400.0
2018-06-14,2254.25,27670.0
2018-06-15,2201.5,19560.0
2018-06-18,2216.25,25190.0
2018-06-19,2171.0,68750.0
2018-06-20,2166.75,33790.0
2018-06-21,2180.0,57990.0
2018-06-22,2176.0,29860.0
2018-06-25,2155.5,20790.0
2018-06-26,2157.25,19450.0
2018-06-27,2175.5,25470.0
2018-06-28,2154.0,19440.0
2018-06-29,2131.75,27210.0
2018-07-02,2096.0,47050.0
2018-07-03,2077.0,41840.0
2018-07-04,2085.5,13400.0
2018-07-05,2076.5,28510.0
2018-07-06,2076.25,31260.0
2018-07-09,2116.0,47380.0
2018-07-10,2084.5,56230.0
2018-07-11,2054.0,57320.0
2018-07-12,2035.25,48900.0
2018-07-13,2024.25,46290.0
2018-07-16,2048.25,47350.0
2018-07-17,2032.0,74670.0
2018-07-18,2027.25,26600.0
2018-07-19,2001.25,27560.0
2018-07-20,2029.75,20400.0
2018-07-23,2069.5,29270.0
2018-07-24,2085.0,28320.0
2018-07-25,2062.25,19440.0
2018-07-26,2067.0,14600.0
2018-07-27,2070.5,12950.0
2018-07-30,2092.75,18150.0
2018-07-31,2079.5,19730.0
2018-08-01,2050.0,23490.0
2018-08-02,2032.75,29400.0
2018-08-03,2024.5,14010.0
2018-08-06,2039.0,21050.0
2018-08-07,2034.5,26060.0
2018-08-08,2105.0,38380.0
2018-08-09,2079.0,40370.0
2018-08-10,2105.0,35360.0
2018-08-13,2083.5,50970.0
2018-08-14,2071.0,26840.0
2018-08-15,2025.5,17310.0
2018-08-16,2048.0,16360.0
2018-08-17,2029.25,14900.0
2018-08-20,2054.75,8830.0
2018-08-21,2054.5,51900.0
2018-08-22,2065.5,26620.0
2018-08-23,2076.0,8420.0
2018-08-24,2096.25,13070.0
2018-08-28,2134.0,14790.0
2018-08-29,2172.5,25300.0
2018-08-30,2132.5,17720.0
2018-08-31,2125.0,29830.0
2018-09-03,2095.5,16239.999999999998
2018-09-04,2060.25,20770.0
2018-09-05,2065.75,25850.0
2018-09-06,2035.5,27460.0
2018-09-07,2065.5,24260.0
2018-09-10,2090.0,33850.0
2018-09-11,2038.5,21600.0
2018-09-12,2057.75,45510.0
2018-09-13,2058.25,34500.0
2018-09-14,2036.75,34010.0
2018-09-17,2025.25,22170.0
2018-09-18,2034.75,47940.0
2018-09-19,2026.0,93890.0
2018-09-20,2048.0,77730.0
2018-09-21,2100.5,35860.0
2018-09-24,2070.0,43840.0
2018-09-25,2080.75,39170.0
2018-09-26,2077.5,37190.0
2018-09-27,2041.5,26610.0
2018-09-28,2075.5,44560.0
2018-10-01,2099.5,31470.0
2018-10-02,2131.0,50530.0
2018-10-03,2222.5,67710.0
2018-10-04,2187.0,49170.0
2018-10-05,2145.5,85560.0
2018-10-08,2082.5,56880.0
2018-10-09,2070.5,83960.0
2018-10-10,2062.0,48340.0
2018-10-11,2034.0,56260.0
2018-10-12,2054.5,27180.0
2018-10-15,2041.0,36800.0
2018-10-16,2034.0,76780.0
2018-10-17,2022.5,36950.0
2018-10-18,2013.5,20430.0
2018-10-19,2003.5,43520.0
2018-10-22,2006.5,16560.0
2018-10-23,1999.25,34300.0
2018-10-24,1994.5,19610.0
2018-10-25,1990.0,22270.0
2018-10-26,1994.75,21160.0
2018-10-29,1979.25,16660.0
2018-10-30,1961.5,32350.0
2018-10-31,1948.5,36610.0
2018-11-01,1961.5,36630.0
2018-11-02,1969.5,34340.0
2018-11-05,1969.0,32259.999999999996
2018-11-06,1945.25,28940.0
2018-11-07,1980.25,40160.0
2018-11-08,1985.0,48400.0
2018-11-09,1948.5,36160.0
2018-11-12,1934.0,38830.0
2018-11-13,1926.5,50870.0
2018-11-14,1933.25,31050.0
2018-11-15,1917.5,53700.0
2018-11-16,1928.0,37700.0
2018-11-19,1921.0,47330.0
2018-11-20,1940.0,54820.0
2018-11-21,1954.5,28690.0
2018-11-22,1947.5,10900.0
2018-11-23,1949.25,18310.0
2018-11-26,1950.0,11430.0
2018-11-27,1928.5,16410.0
2018-11-28,1930.25,18840.0
2018-11-29,1938.75,20310.0
2018-11-30,1957.25,22400.0
2018-12-03,1972.25,26320.0
2018-12-04,1972.0,27410.0
2018-12-05,1967.25,16309.999999999998
2018-12-06,1933.5,16470.0
2018-12-07,1950.0,39010.0
2018-12-10,1930.5,37520.0
2018-12-11,1931.25,53730.0
2018-12-12,1931.0,25480.0
2018-12-13,1922.75,29090.0
2018-12-14,1916.0,12820.0
2018-12-17,1932.25,32710.0
2018-12-18,1923.75,49690.0
2018-12-19,1926.25,45290.0
2018-12-20,1912.0,82080.0
2018-12-21,1911.25,37300.0
2018-12-24,1895.5,14550.0
2018-12-27,1853.5,37210.0
2018-12-28,1846.5,27760.0
2018-12-31,1848.0,25440.0
2019-01-02,1799.0,45740.0
2019-01-03,1842.5,44780.0
2019-01-04,1874.75,58060.0
2019-01-07,1886.25,43790.0
2019-01-08,1870.5,57400.0
2019-01-09,1858.5,67260.0
2019-01-10,1866.0,102800.0
2019-01-11,1839.0,78380.0
2019-01-14,1828.25,121030.0
2019-01-15,1844.25,32940.0
2019-01-16,1858.25,46520.0
2019-01-17,1858.0,75550.0
2019-01-18,1871.5,42620.0
2019-01-21,1851.5,17810.0
2019-01-22,1882.5,17200.0
2019-01-23,1908.5,40740.0
2019-01-24,1888.75,25160.0
2019-01-25,1918.0,18400.0
2019-01-28,1863.5,23860.0
2019-01-29,1888.0,18060.0
2019-01-30,1905.25,19560.0
2019-01-31,1906.0,25190.0
2019-02-01,1878.0,27570.0
2019-02-04,1915.0,31400.0
2019-02-05,1917.25,52010.0
2019-02-06,1901.0,27720.0
2019-02-07,1887.5,38840.0
2019-02-08,1874.25,30750.0
2019-02-11,1872.25,39440.0
2019-02-12,1851.0,44510.0
2019-02-13,1849.5,43090.0
2019-02-14,1839.25,40520.0
2019-02-15,1848.0,67330.0
2019-02-18,1846.0,30660.0
2019-02-19,1856.25,26160.0
2019-02-20,1868.0,22320.0
2019-02-21,1904.5,28700.0
2019-02-22,1912.0,32229.999999999996
2019-02-25,1904.5,24690.0
2019-02-26,1908.5,30360.0
2019-02-27,1919.5,16970.0
2019-02-28,1908.5,25120.0
2019-03-01,1915.25,45070.0
2019-03-04,1870.5,43080.0
2019-03-05,1868.75,37380.0
2019-03-06,1860.5,29900.0
2019-03-07,1858.5,32759.999999999996
2019-03-08,1866.5,30400.0
2019-03-11,1839.0,44250.0
2019-03-12,1865.75,69620.0
2019-03-13,1897.5,35280.0
2019-03-14,1895.25,28290.0
2019-03-15,1889.5,26170.0
2019-03-18,1912.75,45610.0
2019-03-19,1946.0,94040.0
2019-03-20,1938.0,32400.0
2019-03-21,1900.0,41870.0
2019-03-22,1903.25,44370.0
2019-03-25,1881.0,48450.0
2019-03-26,1886.5,41370.0
2019-03-27,1909.5,28910.0
2019-03-28,1901.75,33940.0
2019-03-29,1911.0,47940.0
2019-04-01,1896.0,47250.0
2019-04-02,1885.0,37650.0
2019-04-03,1891.25,43980.0
2019-04-04,1890.0,36290.0
2019-04-05,1884.5,61570.0
2019-04-08,1864.0,124980.0
2019-04-09,1871.0,111780.0
2019-04-10,1857.5,46360.0
2019-04-11,1853.75,52700.0
2019-04-12,1856.5,41040.0
2019-04-15,1858.0,41130.0
2019-04-16,1855.75,32310.000000000004
2019-04-17,1850.0,90320.0
2019-04-18,1867.5,32759.999999999996
2019-04-23,1864.5,36170.0
2019-04-24,1870.75,27140.0
2019-04-25,1855.75,18900.0
2019-04-26,1835.5,26900.0
2019-04-29,1825.0,31120.0
2019-04-30,1793.0,55910.0
2019-05-01,1810.75,34230.0
2019-05-02,1810.5,33890.0
2019-05-03,1789.5,51460.0
2019-05-07,1808.75,67240.0
2019-05-08,1789.25,53230.0
2019-05-09,1791.0,39910.0
2019-05-10,1800.25,36680.0
2019-05-13,1800.0,68320.0
2019-05-14,1845.25,19420.0
2019-05-15,1856.0,16730.0
2019-05-16,1860.5,18480.0
2019-05-17,1837.5,17090.0
2019-05-20,1797.25,13490.0
2019-05-21,1796.0,66220.0
2019-05-22,1779.25,25130.0
2019-05-23,1797.5,17960.0
2019-05-24,1800.25,11500.0
2019-05-28,1806.25,14000.0
2019-05-29,1793.75,16410.0
2019-05-30,1780.75,27610.0
2019-05-31,1793.25,40300.0
2019-06-03,1774.0,42100.0
2019-06-04,1782.5,44350.0
2019-06-05,1766.75,25080.0
2019-06-06,1770.75,28850.0
2019-06-07,1758.25,32560.000000000004
2019-06-10,1768.5,40320.0
2019-06-11,1771.75,44820.0
2019-06-12,1782.75,38140.0
2019-06-13,1779.0,43080.0
2019-06-14,1756.5,26230.0
2019-06-17,1749.25,34020.0
2019-06-18,1781.0,76210.0
2019-06-19,1786.25,42130.0
2019-06-20,1783.25,40600.0
2019-06-21,1769.0,38130.0
2019-06-24,1794.0,32409.999999999996
2019-06-25,1815.25,34080.0
2019-06-26,1821.0,29800.0
2019-06-27,1790.25,37000.0
2019-06-28,1800.25,48100.0
2019-07-01,1792.75,31270.0
2019-07-02,1779.75,42960.0
2019-07-03,1787.5,28680.0
2019-07-04,1804.5,12020.0
2019-07-05,1800.5,49560.0
2019-07-08,1806.25,41630.0
2019-07-09,1820.0,88070.0
2019-07-10,1848.5,71260.0
2019-07-11,1823.5,67760.0
2019-07-12,1818.25,45460.0
2019-07-15,1839.75,58120.0
2019-07-16,1850.0,69030.0
2019-07-17,1848.0,30080.0
2019-07-18,1855.0,17750.0
2019-07-19,1848.75,16940.0
2019-07-22,1815.25,23710.0
2019-07-23,1814.75,19240.0
2019-07-24,1824.25,16400.0
2019-07-25,1824.25,12800.0
2019-07-26,1801.0,32000.0
2019-07-29,1808.75,14050.0
2019-07-30,1800.25,17400.0
2019-07-31,1795.75,14690.0
2019-08-01,1776.25,35970.0
2019-08-02,1765.0,33790.0
2019-08-05,1757.0,49210.0
2019-08-06,1752.0,86500.0
2019-08-07,1736.75,77570.0
2019-08-08,1769.75,35970.0
2019-08-09,1762.5,39180.0
2019-08-12,1760.75,39940.0
2019-08-13,1775.75,48500.0
2019-08-14,1765.75,55560.0
2019-08-15,1772.25,15620.0
2019-08-16,1782.0,19350.0
2019-08-19,1784.75,45150.0
2019-08-20,1782.0,61940.0
2019-08-21,1780.0,57970.0
2019-08-22,1766.5,40670.0
2019-08-23,1770.5,16350.000000000002
2019-08-27,1760.75,18640.0
2019-08-28,1744.75,38080.0
2019-08-29,1751.25,17250.0
2019-08-30,1751.0,34000.0
2019-09-02,1746.75,16800.0
2019-09-03,1750.5,49820.0
2019-09-04,1772.5,63490.0
2019-09-05,1781.5,70350.0
2019-09-06,1788.5,48940.0
2019-09-09,1797.0,87170.0
2019-09-10,1818.5,89950.0
2019-09-11,1822.5,84860.0
2019-09-12,1799.25,75110.0
2019-09-13,1804.75,75010.0
2019-09-16,1788.0,47230.0
2019-09-17,1792.0,47790.0
2019-09-18,1785.5,90210.0
2019-09-19,1806.0,41930.0
2019-09-20,1803.0,23370.0
2019-09-23,1785.0,206210.0
2019-09-24,1762.5,304950.0
2019-09-25,1752.0,374010.0
2019-09-26,1737.0,278420.0
2019-09-27,1735.0,298280.0
2019-09-30,1721.5,290360.0
2019-10-01,1740.0,473950.0
2019-10-02,1705.0,484720.0
2019-10-03,1718.0,329770.0
2019-10-04,1719.0,286900.0
2019-10-07,1746.0,347490.0
2019-10-08,1751.5,432340.0
2019-10-09,1744.0,414940.0
2019-10-10,1753.0,552560.0
2019-10-11,1722.0,617820.0
2019-10-14,1720.0,417470.0
2019-10-15,1728.0,284230.0
2019-10-16,1728.0,293720.0
2019-10-17,1727.0,183130.0
2019-10-18,1738.0,142680.0
2019-10-21,1729.0,153920.0
2019-10-22,1719.0,119890.0
2019-10-23,1730.0,140070.0
2019-10-24,1724.0,130240.00000000001
2019-10-25,1728.0,215820.0
2019-10-28,1737.0,180310.0
2019-10-29,1754.0,203370.0
2019-10-30,1760.0,220050.0
2019-10-31,1755.0,263070.0
2019-11-01,1786.0,269740.0
2019-11-04,1815.0,338470.0
2019-11-05,1811.0,380830.0
2019-11-06,1810.0,324870.0
2019-11-07,1813.0,327530.0
2019-11-08,1807.5,214850.0
2019-11-11,1779.0,236340.0
2019-11-12,1778.0,297180.0
2019-11-13,1765.0,308690.0
2019-11-14,1741.0,316130.0
2019-11-15,1755.0,374790.0
2019-11-18,1738.0,385280.0
2019-11-19,1731.0,267390.0
2019-11-20,1741.0,186320.0
2019-11-21,1734.0,191720.0
2019-11-22,1739.0,185150.0
2019-11-25,1736.0,156810.0
2019-11-26,1753.0,206030.0
2019-11-27,1764.0,205070.0
2019-11-28,1752.0,134590.0
2019-11-29,1770.0,230240.0
2019-12-02,1790.0,254150.0
2019-12-03,1766.0,330180.0
2019-12-04,1758.0,241720.0
2019-12-05,1747.0,235730.0
2019-12-06,1765.0,318490.0
2019-12-09,1757.0,278870.0
2019-12-10,1755.0,286860.0
2019-12-11,1760.0,279790.0
2019-12-12,1775.0,315170.0
2019-12-13,1768.0,210290.0
2019-12-16,1778.0,363450.0
2019-12-17,1764.0,298040.0
2019-12-18,1777.0,726930.0
2019-12-19,1797.0,272880.0
2019-12-20,1800.0,221700.0
2019-12-23,1804.0,172250.0
2019-12-24,1814.0,169820.0
2019-12-27,1825.0,181720.0
2019-12-30,1827.0,193900.0
2019-12-31,1810.0,253420.0
2020-01-02,1804.5,290020.0
2020-01-03,1824.0,258970.00000000003
2020-01-06,1833.0,295360.0
2020-01-07,1816.0,302340.0
2020-01-08,1800.0,313190.0
2020-01-09,1803.5,383680.0
2020-01-10,1806.0,378240.0
2020-01-13,1798.0,383510.0
2020-01-14,1809.0,209810.0
2020-01-15,1801.0,178690.0
2020-01-16,1812.0,196030.0
2020-01-17,1805.0,137120.0
2020-01-20,1812.0,182450.0
2020-01-21,1824.5,278860.0
2020-01-22,1811.0,233040.0
2020-01-23,1795.0,216450.0
2020-01-24,1781.0,313990.0
2020-01-27,1764.0,255550.0
2020-01-28,1752.0,282540.0
2020-01-29,1737.0,312470.0
2020-01-30,1731.0,245750.0
2020-01-31,1722.0,338490.0
2020-02-03,1686.5,415240.0
2020-02-04,1686.0,399920.0
2020-02-05,1717.0,288690.0
2020-02-06,1737.0,278000.0
2020-02-07,1726.0,360500.0
2020-02-10,1702.0,276600.0
2020-02-11,1734.0,365050.0
2020-02-12,1737.0,288820.0
2020-02-13,1748.0,265630.0
2020-02-14,1722.0,186700.0
2020-02-17,1721.0,265800.0
2020-02-18,1720.0,219360.0
2020-02-19,1720.0,166360.0
2020-02-20,1711.0,144510.0
2020-02-21,1713.5,145510.0
2020-02-24,1699.0,173230.0
2020-02-25,1703.0,176110.0
2020-02-26,1696.0,189030.0
2020-02-27,1690.0,228870.0
2020-02-28,1694.5,313520.0
2020-03-02,1717.0,307230.0
2020-03-03,1722.0,294570.0
2020-03-04,1726.0,300240.0
2020-03-05,1720.0,268250.0
2020-03-06,1685.0,323220.0
2020-03-09,1687.0,377880.0
2020-03-10,1697.0,419490.0
2020-03-11,1675.0,388960.0
2020-03-12,1656.0,334080.0
2020-03-13,1680.5,388580.0
2020-03-16,1675.0,542380.0
2020-03-17,1651.5,418760.0
2020-03-18,1650.0,434180.0
2020-03-19,1630.0,358250.0
2020-03-20,1582.0,296680.0
2020-03-23,1561.0,291330.0
2020-03-24,1547.5,179210.0
2020-03-25,1537.5,229790.0
2020-03-26,1536.0,198030.0
2020-03-27,1545.5,283630.0
2020-03-30,1530.5,259680.0
2020-03-31,1526.0,240540.0
2020-04-01,1499.5,286730.0
2020-04-02,1491.0,291430.0
2020-04-03,1481.5,241540.0
2020-04-06,1472.0,238320.0
2020-04-07,1477.5,313660.0
2020-04-08,1465.5,482040.0
2020-04-09,1479.5,431850.0
2020-04-14,1503.5,371080.0
2020-04-15,1507.5,245550.0
2020-04-16,1512.5,212300.0
2020-04-17,1507.0,255680.0
2020-04-20,1503.0,181580.0
2020-04-21,1490.5,222720.0
2020-04-22,1515.0,150810.0
2020-04-23,1510.0,232820.0
2020-04-24,1514.0,380390.0
2020-04-27,1507.0,134360.0
2020-04-28,1504.5,200210.0
2020-04-29,1506.0,198350.0
2020-04-30,1494.5,277970.0
2020-05-01,1487.0,167880.0
2020-05-04,1483.0,226620.0
2020-05-05,1484.5,240300.0
2020-05-06,1479.5,219430.0
2020-05-07,1485.0,242400.0
2020-05-11,1497.5,323420.0
2020-05-12,1477.5,274520.0
2020-05-13,1480.0,314460.0
2020-05-14,1475.0,819110.0
2020-05-15,1462.0,290090.0
2020-05-18,1496.0,354830.0
2020-05-19,1492.0,277510.0
2020-05-20,1512.5,340470.0
2020-05-21,1521.0,216590.0
2020-05-22,1506.5,223090.0
2020-05-26,1519.5,214750.0
2020-05-27,1525.0,354800.0
2020-05-28,1537.0,251270.0
2020-05-29,1548.0,294570.0
2020-06-01,1537.0,234260.0
2020-06-02,1547.0,284860.0
2020-06-03,1568.5,221950.0
2020-06-04,1570.5,220000.0
2020-06-05,1591.5,289580.0
2020-06-08,1605.0,286960.0
2020-06-09,1605.5,306610.0
2020-06-10,1627.5,320330.0
2020-06-11,1601.5,324180.0
2020-06-12,1585.0,341460.0
2020-06-15,1577.0,318710.0
2020-06-16,1597.5,224950.0
2020-06-17,1607.5,168670.0
2020-06-18,1606.5,149770.0
2020-06-19,1592.0,151590.0
2020-06-22,1603.0,129270.00000000001
2020-06-23,1595.0,125420.0
2020-06-24,1576.0,126810.0
2020-06-25,1570.0,149620.0
2020-06-26,1601.5,205520.0
2020-06-29,1609.0,155590.0
2020-06-30,1619.5,192480.0
2020-07-01,1621.0,260050.0
2020-07-02,1621.0,227090.0
2020-07-03,1614.0,26760.0
2020-07-06,1634.5,33660.0
2020-07-07,1634.0,32250.0
2020-07-08,1665.0,55110.0
2020-07-09,1664.0,56370.0
2020-07-10,1688.5,44110.0
2020-07-13,1690.0,58300.0
2020-07-14,1688.5,39420.0
2020-07-15,1683.5,32619.999999999996
2020-07-16,1670.5,43580.0
2020-07-17,1661.5,27500.0
2020-07-20,1664.5,29320.0
2020-07-21,1696.5,61850.0
2020-07-22,1691.0,35740.0
2020-07-23,1701.0,28480.0
2020-07-24,1700.0,35960.0
2020-07-27,1708.0,20570.0
2020-07-28,1724.0,33010.0
2020-07-29,1725.0,24500.0
2020-07-30,1720.0,32520.000000000004
2020-07-31,1713.5,51660.0
2020-08-03,1752.0,62260.0
2020-08-04,1770.0,45850.0
2020-08-05,1767.0,48210.0
2020-08-06,1777.5,36430.0
2020-08-07,1771.0,32590.000000000004
2020-08-10,1786.0,36400.0
2020-08-11,1786.0,37810.0
2020-08-12,1787.0,30200.0
2020-08-13,1763.5,33920.0
2020-08-14,1746.0,30980.0
2020-08-17,1756.0,29510.0
2020-08-18,1773.5,43090.0
2020-08-19,1793.5,34280.0
2020-08-20,1789.5,39320.0
2020-08-21,1765.0,44340.0
2020-08-24,1770.5,27870.0
2020-08-25,1775.5,26240.0
2020-08-26,1780.0,27520.0
2020-08-27,1781.0,28440.0
2020-08-28,1800.0,38940.0
2020-09-01,1816.5,48020.0
2020-09-02,1786.0,51110.0
2020-09-03,1780.0,32860.0
2020-09-04,1786.5,25410.0
2020-09-07,1797.5,18540.0
2020-09-08,1792.0,28460.0
2020-09-09,1784.0,28470.0
2020-09-10,1789.5,27730.0
2020-09-11,1775.0,24430.0
2020-09-14,1800.5,32820.0
2020-09-15,1789.5,27830.0
2020-09-16,1795.5,64330.0
2020-09-17,1781.0,28670.0
2020-09-18,1792.5,29550.0
2020-09-21,1779.5,29830.0
2020-09-22,1776.5,27790.0
2020-09-23,1754.5,44650.0
2020-09-24,1740.0,47910.0
2020-09-25,1748.5,34330.0
2020-09-28,1775.0,30060.0
2020-09-29,1783.0,27430.0
2020-09-30,1765.0,34350.0
2020-10-01,1739.5,37580.0
2020-10-02,1768.0,44790.0
2020-10-05,1776.0,24540.0
2020-10-06,1765.0,34260.0
2020-10-07,1783.5,31170.0
2020-10-08,1804.5,33990.0
2020-10-09,1841.5,53270.0
2020-10-12,1855.5,40660.0
2020-10-13,1858.0,38710.0
2020-10-14,1852.0,29290.0
2020-10-15,1852.0,27000.0
2020-10-16,1870.5,38890.0
2020-10-19,1853.5,35960.0
2020-10-20,1834.5,49740.0
2020-10-21,1843.5,31680.0
2020-10-22,1846.5,19610.0
2020-10-23,1842.5,19120.0
2020-10-26,1827.5,26420.0
2020-10-27,1822.0,25720.0
2020-10-28,1809.5,29500.0
2020-10-29,1803.0,28750.0
2020-10-30,1848.5,39200.0
2020-11-02,1866.0,37530.0
2020-11-03,1905.5,48030.0
2020-11-04,1908.5,50980.0
2020-11-05,1897.5,35080.0
2020-11-06,1901.5,30700.0
2020-11-09,1893.5,39380.0
2020-11-10,1908.0,23750.0
2020-11-11,1918.0,29720.0
2020-11-12,1930.0,24440.0
2020-11-13,1932.0,21990.0
2020-11-16,1951.0,30550.0
2020-11-17,1977.5,69400.0
2020-11-18,1998.0,37160.0
2020-11-19,1992.5,24750.0
2020-11-20,1993.0,38680.0
2020-11-23,1973.5,34720.0
2020-11-24,1986.5,37330.0
2020-11-25,1970.0,42090.0
2020-11-26,1976.0,23630.0
2020-11-27,1998.5,41470.0
2020-11-30,2045.0,59750.0
2020-12-01,2064.5,52660.0
2020-12-02,2055.0,44650.0
2020-12-03,2028.0,47050.0
2020-12-04,2044.0,24950.0
2020-12-07,2017.0,24280.0
2020-12-08,1990.0,31760.0
2020-12-09,2035.0,31370.0
2020-12-10,2060.0,25620.0
2020-12-11,2022.5,27260.0
2020-12-14,2047.0,27080.0
2020-12-15,2029.5,23340.0
2020-12-16,2035.0,32729.999999999996
2020-12-17,2053.0,77920.0
2020-12-18,2056.5,28190.0
2020-12-21,2020.5,28900.0
2020-12-22,1995.5,38660.0
2020-12-23,2006.0,29260.0
2020-12-24,2030.0,13620.0
2020-12-29,1991.0,33360.0
2020-12-30,1999.5,16880.0
2020-12-31,1979.5,19690.0
2021-01-04,2031.5,37700.0
2021-01-05,2040.5,25750.0
2021-01-06,2038.5,43440.0
2021-01-07,2036.5,24130.0
2021-01-08,2021.5,23800.0
2021-01-11,2009.5,27560.0
2021-01-12,2019.5,31570.0
2021-01-13,2013.0,26940.0
2021-01-14,2005.5,26940.0
2021-01-15,1991.0,29540.0
2021-01-18,1972.0,26850.0
2021-01-19,1964.0,36710.0
2021-01-20,1980.5,25050.0
2021-01-21,1997.5,37650.0
2021-01-22,1994.5,30070.0
2021-01-25,2012.0,28240.0
2021-01-26,2020.0,26820.0
2021-01-27,1992.0,27470.0
2021-01-28,1984.5,28400.0
2021-01-29,1977.5,37310.0
2021-02-01,1969.0,37530.0
2021-02-02,1972.5,31410.0
2021-02-03,1973.5,23370.0
2021-02-04,1993.5,28780.0
2021-02-05,2015.5,26970.0
2021-02-08,2028.0,25150.0
2021-02-09,2054.0,30050.0
2021-02-10,2079.0,32390.0
2021-02-11,2079.5,24460.0
2021-02-12,2089.5,23690.0
2021-02-15,2083.5,22940.0
2021-02-16,2086.5,22690.0
2021-02-17,2115.0,31360.0
2021-02-18,2137.5,51770.0
2021-02-19,2131.5,56340.0
2021-02-22,2166.5,37190.0
2021-02-23,2147.0,47250.0
2021-02-24,2184.5,43080.0
2021-02-25,2235.0,77710.0
2021-02-26,2154.5,71660.0
2021-03-01,2129.5,61370.0
2021-03-02,2211.5,69320.0
2021-03-03,2200.0,52340.0
2021-03-04,2153.5,65040.00000000001
2021-03-05,2176.0,39100.0
2021-03-08,2171.0,30620.0
2021-03-09,2168.5,38030.0
2021-03-10,2168.0,33790.0
2021-03-11,2178.0,55220.0
2021-03-12,2171.0,29900.0
2021-03-15,2218.0,50210.0
2021-03-16,2202.5,49120.0
2021-03-17,2227.5,31960.0
2021-03-18,2216.0,35380.0
2021-03-19,2265.5,42730.0
2021-03-22,2272.0,50250.0
2021-03-23,2219.5,59290.0
2021-03-24,2258.0,25990.0
2021-03-25,2246.0,42020.0
2021-03-26,2298.0,39960.0
2021-03-29,2266.0,27680.0
2021-03-30,2231.0,26180.0
2021-03-31,2212.0,39460.0
2021-04-01,2225.5,26580.0
2021-04-06,2268.0,36050.0
2021-04-07,2260.0,24200.0
2021-04-08,2282.5,26240.0
2021-04-09,2264.0,21730.0
2021-04-12,2262.0,25750.0
2021-04-13,2293.0,29400.0
2021-04-14,2323.5,33650.0
2021-04-15,2339.0,38650.0
2021-04-16,2315.0,25130.0
2021-04-19,2330.0,24090.0
2021-04-20,2309.5,26760.0
2021-04-21,2364.5,48110.0
2021-04-22,2363.0,24180.0
2021-04-23,2364.5,23230.0
2021-04-26,2403.5,24420.0
2021-04-27,2396.0,31900.0
2021-04-28,2399.5,22920.0
2021-04-29,2417.0,42740.0
2021-04-30,2397.0,38220.0
2021-05-04,2428.0,32890.0
2021-05-05,2444.5,28420.0
2021-05-06,2488.5,55690.0
2021-05-07,2540.0,54330.0
2021-05-10,2531.0,78160.0
2021-05-11,2521.0,51160.0
2021-05-12,2480.5,55020.0
2021-05-13,2451.5,54520.0
2021-05-14,2463.0,51350.0
2021-05-17,2499.0,39250.0
2021-05-18,2478.0,57570.0
2021-05-19,2415.0,50350.0
2021-05-20,2396.0,40940.0
2021-05-21,2370.0,66910.0
2021-05-24,2387.0,63500.0
2021-05-25,2372.0,39980.0
2021-05-26,2402.0,29250.0
2021-05-27,2481.0,44880.0
2021-05-28,2483.0,54850.0
2021-06-01,2469.0,40240.0
2021-06-02,2444.0,31340.0
2021-06-03,2405.0,25610.0
2021-06-04,2455.0,26120.0
2021-06-07,2426.0,28840.0
2021-06-08,2452.5,25850.0
2021-06-09,2458.5,29820.0
2021-06-10,2476.0,38540.0
2021-06-11,2464.5,38800.0
2021-06-14,2494.0,23290.0
2021-06-15,2467.0,51900.0
2021-06-16,2469.5,28800.0
2021-06-17,2400.0,51260.0
2021-06-18,2385.0,42820.0
2021-06-21,2403.5,35250.0
2021-06-22,2425.0,31160.0
2021-06-23,2439.5,26670.0
2021-06-24,2440.0,39860.0
2021-06-25,2486.0,60510.0
2021-06-28,2490.0,36920.0
2021-06-29,2551.5,39390.0
2021-06-30,2523.5,41140.0
2021-07-01,2512.0,29370.0
2021-07-02,2562.0,31240.0
2021-07-05,2556.0,24760.0
2021-07-06,2530.0,35310.0
2021-07-07,2499.5,37710.0
2021-07-08,2442.0,42390.0
2021-07-09,2501.5,31820.0
2021-07-12,2489.5,34450.0
2021-07-13,2535.5,34500.0
2021-07-14,2525.0,21450.0
2021-07-15,2518.0,25620.0
2021-07-16,2488.5,23920.0
2021-07-19,2425.5,41110.0
2021-07-20,2465.5,60720.0
2021-07-21,2453.5,35610.0
2021-07-22,2483.0,29330.0
2021-07-23,2502.5,25530.0
2021-07-26,2519.0,34820.0
2021-07-27,2490.0,34410.0
2021-07-28,2537.0,40940.0
2021-07-29,2591.5,46890.0
2021-07-30,2590.0,62860.0
2021-08-02,2615.0,33540.0
2021-08-03,2586.0,39180.0
2021-08-04,2566.5,24790.0
2021-08-05,2588.0,22730.0
2021-08-06,2578.0,30090.0
2021-08-09,2549.0,42080.0
2021-08-10,2574.5,37920.0
2021-08-11,2585.5,21600.0
2021-08-12,2582.5,32810.0
2021-08-13,2600.0,27260.0
2021-08-16,2602.0,33970.0
2021-08-17,2599.5,68570.0
2021-08-18,2555.0,37380.0
2021-08-19,2545.5,49790.0
2021-08-20,2546.5,32790.0
2021-08-23,2602.0,41380.0
2021-08-24,2615.0,49170.0
2021-08-25,2617.5,25690.0
2021-08-26,2619.5,35400.0
2021-08-27,2649.5,60330.0
2021-08-31,2718.0,63980.0
2021-09-01,2690.0,53080.0
2021-09-02,2695.0,57920.0
2021-09-03,2727.0,36370.0
2021-09-06,2773.0,41120.0
2021-09-07,2757.0,22830.0
2021-09-08,2794.0,46320.0
2021-09-09,2839.5,47380.0
2021-09-10,2924.0,56530.0
2021-09-13,2896.5,71540.0
2021-09-14,2831.0,57540.0
2021-09-15,2893.0,72980.0
2021-09-16,2879.5,40820.0
2021-09-17,2885.5,35700.0
2021-09-20,2863.0,38730.0
2021-09-21,2846.0,40300.0
2021-09-22,2935.0,61220.0
2021-09-23,2949.5,56000.0
2021-09-24,2915.5,41620.0
2021-09-27,2883.5,42200.0
2021-09-28,2944.5,59190.0
2021-09-29,2911.5,36670.0
2021-09-30,2858.5,60390.0
2021-10-01,2857.0,38560.0
2021-10-04,2916.0,25250.0
2021-10-05,2921.0,26220.0
2021-10-06,2897.0,38670.0
2021-10-07,2946.0,42440.0
2021-10-08,2966.0,60140.0
2021-10-11,3064.0,64030.0
2021-10-12,3068.0,58810.0
2021-10-13,3068.0,51510.0
2021-10-14,3117.0,69440.0
2021-10-15,3171.5,66740.0
2021-10-18,3167.5,59540.0
2021-10-19,3112.0,74020.0
2021-10-20,3069.5,70750.0
2021-10-21,2910.5,90310.0
2021-10-22,2868.0,105920.0
2021-10-25,2875.5,50450.0
2021-10-26,2829.0,64000.0
2021-10-27,2686.0,116370.0
2021-10-28,2746.5,87060.0
2021-10-29,2716.5,67420.0
2021-11-01,2719.5,39110.0
2021-11-02,2692.5,46720.0
2021-11-03,2656.0,56410.0
2021-11-04,2554.5,68700.0
2021-11-05,2556.5,53690.0
2021-11-08,2605.0,33760.0
2021-11-09,2556.5,42700.0
2021-11-10,2578.0,36590.0
2021-11-11,2660.0,41370.0
2021-11-12,2700.0,38530.0
2021-11-15,2657.0,41160.0
2021-11-16,2574.5,61520.0
2021-11-17,2616.5,32340.000000000004
2021-11-18,2616.0,28270.0
2021-11-19,2679.5,42360.0
2021-11-22,2689.5,30230.0
2021-11-23,2668.5,20740.0
2021-11-24,2704.0,29450.0
2021-11-25,2717.5,23860.0
2021-11-26,2615.0,48350.0
2021-11-29,2630.0,49980.0
2021-11-30,2625.0,51650.0
2021-12-01,2664.5,61530.0
2021-12-02,2600.0,55450.0
2021-12-03,2623.0,32720.0
2021-12-06,2588.0,34480.0
2021-12-07,2628.5,25960.0
2021-12-08,2627.0,21620.0
2021-12-09,2626.5,28640.0
2021-12-10,2606.5,28340.0
2021-12-13,2654.0,35020.0
2021-12-14,2628.5,26750.0
2021-12-15,2597.0,41760.0
2021-12-16,2667.0,66370.0
2021-12-17,2724.5,46100.0
2021-12-20,2671.0,38220.0
2021-12-21,2754.0,39130.0
2021-12-22,2824.5,62530.0
2021-12-23,2846.0,43450.0
2021-12-24,2837.0,17780.0
2021-12-29,2810.5,74660.0
2021-12-30,2818.0,47530.0
2021-12-31,2807.5,47530.0
2022-01-04,2839.0,52870.0
2022-01-05,2922.0,68350.0
2022-01-06,2921.5,51160.0
2022-01-07,2914.5,47050.0
2022-01-10,2931.5,1120.0
2022-01-11,2970.0,42570.0
2022-01-12,2982.5,56450.0
2022-01-13,2952.0,40860.0
2022-01-14,2976.5,60360.0
2022-01-17,2997.0,25070.0
2022-01-18,3024.5,43360.0
2022-01-19,3050.5,46620.0
2022-01-20,3111.0,81130.0
2022-01-21,3040.5,51530.0
2022-01-24,3028.5,34440.0
2022-01-25,3092.0,45240.0
2022-01-26,3094.0,30610.0
2022-01-27,3098.5,36620.0
2022-01-28,3082.5,40850.0
2022-01-31,3021.0,34830.0
2022-02-01,3032.5,33740.0
2022-02-02,2986.0,64019.99999999999
2022-02-03,3050.0,39360.0
2022-02-04,3074.0,42230.0
2022-02-07,3132.0,45880.0
2022-02-08,3183.0,77230.0
2022-02-09,3266.0,51530.0
2022-02-10,3250.5,64739.99999999999
2022-02-11,3136.5,73470.0
2022-02-14,3214.5,55230.0
2022-02-15,3208.0,41550.0
2022-02-16,3256.0,55310.0
2022-02-17,3268.0,39810.0
2022-02-18,3262.5,42990.0
2022-02-21,3279.5,28210.0
2022-02-22,3303.0,69130.0
2022-02-23,3292.5,50200.0
2022-02-24,3394.5,106850.0
2022-02-25,3357.5,57610.0
2022-02-28,3368.5,85690.0
2022-03-01,3478.0,68560.0
2022-03-02,3569.0,68400.0
2022-03-03,3716.5,106230.0
2022-03-04,3849.0,76730.0
2022-03-07,3740.0,83050.0
2022-03-08,3498.0,92280.0
2022-03-09,3341.0,69170.0
2022-03-10,3427.5,53250.0
2022-03-11,3483.0,30790.0
2022-03-14,3319.5,37150.0
2022-03-15,3277.5,63060.0
2022-03-16,3258.5,36070.0
2022-03-17,3384.5,29820.0
2022-03-18,3381.0,27280.0
2022-03-21,3521.0,39490.0
2022-03-22,3504.5,32400.0
2022-03-23,3653.0,32580.0
2022-03-24,3623.5,30650.0
2022-03-25,3605.0,20850.0
2022-03-28,3614.0,17900.0
2022-03-29,3436.0,60300.0
2022-03-30,3551.0,24500.0
2022-03-31,3491.0,37280.0
2022-04-01,3450.0,29150.0
2022-04-04,3447.0,30760.0
2022-04-05,3465.0,24420.0
2022-04-06,3441.0,34060.0
2022-04-07,3385.0,41480.0
2022-04-08,3374.5,25820.0
2022-04-11,3248.0,50280.0
2022-04-12,3267.0,33610.0
2022-04-13,3236.0,31950.0
2022-04-14,3285.5,27380.0
2022-04-19,3261.0,32810.0
2022-04-20,3269.0,43640.0
2022-04-21,3298.0,21170.0
2022-04-22,3245.5,
2022-04-25,3095.0,
2022-04-26,3064.5,33240.0
2022-04-27,3093.5,24270.0
2022-04-28,3031.5,30340.0
2022-04-29,3052.5,36840.0
2022-05-03,2911.0,61370.0
2022-05-04,2953.0,34420.0
2022-05-05,2916.0,48400.0
2022-05-06,2842.0,48510.0
2022-05-09,2755.0,51520.0
2022-05-10,2753.5,44150.0
2022-05-11,2778.0,44510.0
2022-05-12,2742.0,46720.0
2022-05-13,2788.0,37940.0
2022-05-16,2832.0,29610.0
2022-05-17,2890.5,42270.0
2022-05-18,2857.5,33800.0
2022-05-19,2906.5,33060.0
2022-05-20,2946.0,40390.0
2022-05-23,2956.0,35610.0
2022-05-24,2901.5,30170.0
2022-05-25,2874.0,32049.999999999996
2022-05-26,2865.0,23780.0
2022-05-27,2871.5,23680.0
2022-05-30,2888.5,18020.0
2022-05-31,2787.0,40090.0
2022-06-01,2726.0,57000.0
2022-06-06,2782.5,44100.0
2022-06-07,2778.5,39600.0
2022-06-08,2819.0,35340.0
2022-06-09,2761.0,41390.0
2022-06-10,2680.0,44180.0
2022-06-13,2628.0,61180.0
2022-06-14,2570.0,51080.0
2022-06-15,2592.5,46510.0
2022-06-16,2504.5,56340.0
2022-06-17,2498.0,40740.0
2022-06-20,2527.0,21890.0
2022-06-21,2533.5,51390.0
2022-06-22,2479.5,44780.0
2022-06-23,2477.5,52340.0
2022-06-24,2456.0,50250.0
2022-06-27,2495.5,39570.0
2022-06-28,2491.0,43940.0
2022-06-29,2471.0,42730.0
2022-06-30,2445.5,52720.0
2022-07-01,2444.0,73290.0
2022-07-04,2464.0,20980.0
2022-07-05,2392.0,50630.0
2022-07-06,2409.5,45930.0
2022-07-07,2442.5,52600.0
2022-07-08,2436.5,
2022-07-11,2380.0,
2022-07-12,2365.0,
2022-07-13,2363.0,
2022-07-14,2328.0,
2022-07-15,2344.0,
2022-07-18,2435.0,
2022-07-19,2386.0,
2022-07-20,2425.0,
2022-07-21,2440.0,
2022-07-22,2469.0,
2022-07-25,2415.0,
2022-07-26,2437.0,
2022-07-27,2427.0,
2022-07-28,2456.0,39160.0
2022-07-29,2488.5,50790.0
2022-08-01,2430.5,34760.0
2022-08-02,2414.5,47650.0
2022-08-03,2378.0,34520.0
2022-08-04,2403.0,37720.0
2022-08-05,2416.0,35260.0
2022-08-08,2445.5,22400.0
2022-08-09,2490.5,37710.0
2022-08-10,2489.5,38510.0
2022-08-11,2520.5,33310.0
2022-08-12,2434.5,38040.0
2022-08-15,2390.0,46760.0
2022-08-16,2392.0,77430.0
2022-08-17,2411.0,33890.0
2022-08-18,2403.0,37750.0
2022-08-19,2386.0,35650.0
2022-08-22,2390.5,30330.0
2022-08-23,2424.0,43330.0
2022-08-24,2430.0,33070.0
2022-08-25,2433.5,29560.0
2022-08-26,2493.5,51010.0
2022-08-30,2391.0,52070.0
2022-08-31,2359.0,56070.0
2022-09-01,2295.0,62330.0
2022-09-02,2295.5,38740.0
2022-09-05,2285.5,27490.0
2022-09-06,2260.5,47100.0
2022-09-07,2235.0,49520.0
2022-09-08,2276.5,
2022-09-09,2286.0,52510.0
2022-09-12,2283.0,30510.0
2022-09-13,2313.0,41670.0
2022-09-14,2270.5,44100.0
2022-09-15,2307.5,46520.0
2022-09-16,2277.0,23360.0
2022-09-19,2251.0,23360.0
2022-09-20,2245.5,34550.0
2022-09-21,2202.5,68030.0
2022-09-22,2228.5,45660.0
2022-09-23,2165.0,41380.0
2022-09-26,2139.5,37040.0
2022-09-27,2114.0,41900.0
2022-09-28,2124.0,48590.0
2022-09-29,2197.0,81670.0
2022-09-30,2162.0,52170.0
2022-10-03,2219.5,51200.0
2022-10-04,2348.0,66170.0
2022-10-05,2352.0,53310.0
2022-10-06,2347.0,46800.0
2022-10-07,2299.0,34590.0
2022-10-10,2260.0,35040.0
2022-10-11,2236.0,44160.0
2022-10-12,2305.0,42530.0
2022-10-13,2359.5,71880.0
2022-10-14,2306.0,35860.0
2022-10-17,2229.0,42210.0
2022-10-18,2193.0,58180.0
2022-10-19,2170.5,39280.0
2022-10-20,2209.5,39800.0
2022-10-21,2206.0,31460.0
2022-10-24,2175.0,31670.0
2022-10-25,2215.0,40190.0
2022-10-26,2335.0,56820.0
2022-10-27,2287.5,46130.0
2022-10-28,2211.5,44840.0
2022-10-31,2222.0,39310.0
2022-11-01,2242.5,36750.0
2022-11-02,2251.0,31050.0
2022-11-03,2264.0,26950.0
2022-11-04,2355.5,46460.0
2022-11-07,2337.0,35080.0
2022-11-08,2372.0,36210.0
2022-11-09,2319.0,39270.0
2022-11-10,2327.0,42750.0
2022-11-11,2463.5,79520.0
2022-11-14,2452.5,50330.0
2022-11-15,2435.0,48120.0
2022-11-16,2412.0,31530.0
2022-11-17,2391.0,37170.0
2022-11-18,2430.0,31760.0
2022-11-21,2379.0,31880.0
2022-11-22,2429.0,31170.0
2022-11-23,2397.0,25660.0
2022-11-24,2367.5,18460.0
2022-11-25,2362.5,25800.0
2022-11-28,2362.5,25180.0
2022-11-29,2379.5,30250.0
2022-11-30,2477.5,54780.0
2022-12-01,2485.0,58010.0
2022-12-02,2545.5,52480.0
2022-12-05,2522.5,44150.0
2022-12-06,2508.5,42060.0
2022-12-07,2485.5,35770.0
2022-12-08,2503.0,31520.0
2022-12-09,2480.5,27200.0
2022-12-12,2414.0,37300.0
2022-12-13,2461.0,40430.0
2022-12-14,2444.0,25660.0
2022-12-15,2384.0,49860.0
2022-12-16,2375.0,39580.0
2022-12-19,2361.0,30520.0
2022-12-20,2372.5,40100.0
2022-12-21,2391.5,30100.0
2022-12-22,2406.0,25550.0
2022-12-23,2389.5,24640.0
2022-12-28,2381.0,31080.0
2022-12-29,2405.0,23860.0
2022-12-30,2378.0,29180.0
2023-01-03,2311.0,54930.0
2023-01-04,2266.5,50900.0
2023-01-05,2255.5,45600.0
2023-01-06,2295.5,51620.0
2023-01-09,2438.5,71020.0
2023-01-10,2463.5,61280.0
2023-01-11,2510.0,54330.0
2023-01-12,2548.5,56550.0
2023-01-13,2595.0,73010.0
2023-01-16,2621.0,58200.0
2023-01-17,2618.5,44740.0
2023-01-18,2638.0,69660.0
2023-01-19,2587.5,53220.0
2023-01-20,2610.5,33430.0
2023-01-23,2636.5,24390.0
2023-01-24,2650.5,29730.0
2023-01-25,2658.5,29940.0
2023-01-26,2639.0,30470.0
2023-01-27,2627.0,29450.0
2023-01-30,2589.5,39440.0
2023-01-31,2644.0,55090.0
2023-02-01,2631.5,43500.0
2023-02-02,2617.0,55120.0
2023-02-03,2569.5,39840.0
2023-02-06,2533.5,50900.0
2023-02-07,2524.5,40650.0
2023-02-08,2481.0,64180.00000000001
2023-02-09,2499.0,49810.0
2023-02-10,2440.5,44190.0
2023-02-13,2412.5,54610.0
2023-02-14,2408.0,43630.0
2023-02-15,2384.5,47140.0
2023-02-16,2394.0,46940.0
2023-02-17,2387.5,44830.0
2023-02-20,2457.5,31170.0
2023-02-21,2467.5,43760.0
2023-02-22,2418.0,41890.0
2023-02-23,2396.0,37980.0
2023-02-24,2335.5,64250.0
2023-02-27,2363.0,39580.0
2023-02-28,2373.0,38400.0
2023-03-01,2431.5,49090.0
2023-03-02,2399.5,43510.0
2023-03-03,2405.0,34220.0
2023-03-06,2382.0,39030.0
2023-03-07,2350.0,38460.0
2023-03-08,2354.0,51930.0
2023-03-09,2328.0,31340.0
2023-03-10,2313.0,67680.0
2023-03-13,2333.5,74010.0
2023-03-14,2352.5,43540.0
2023-03-15,2277.0,74190.0
2023-03-16,2267.5,50620.0
2023-03-17,2274.0,50170.0
2023-03-20,2274.5,38190.0
2023-03-21,2266.5,55050.0
2023-03-22,2286.5,39550.0
2023-03-23,2326.0,46760.0
2023-03-24,2337.0,48870.0
2023-03-27,2363.5,33150.0
2023-03-28,2389.0,37350.0
2023-03-29,2380.0,49140.0
2023-03-30,2386.0,33560.0
2023-03-31,2413.0,39510.0
2023-04-03,2397.5,62870.0
2023-04-04,2370.5,47940.0
2023-04-05,2333.5,41760.0
2023-04-06,2333.5,35590.0
2023-04-11,2302.5,52180.0
2023-04-12,2325.0,51150.0
2023-04-13,2367.0,54900.0
2023-04-14,2385.5,47400.0
2023-04-17,2378.5,41560.0
2023-04-18,2437.0,65880.0
2023-04-19,2445.0,69600.0
2023-04-20,2421.0,55300.0
2023-04-21,2396.5,38980.0
2023-04-24,2381.0,34040.0
2023-04-25,2335.5,55640.0
2023-04-26,2327.0,44970.0
2023-04-27,2319.0,50300.0
2023-04-28,2356.0,49680.0
2023-05-02,2366.5,55320.0
2023-05-03,2321.0,39430.0
2023-05-04,2287.0,50090.0
2023-05-05,2318.5,44970.0
2023-05-09,2320.0,54980.0
2023-05-10,2268.0,51230.0
2023-05-11,2211.0,96500.0
2023-05-12,2231.5,66670.0
2023-05-15,2259.5,54320.0
2023-05-16,2259.5,65239.99999999999
2023-05-17,2296.5,58170.0
2023-05-18,2283.5,49960.0
2023-05-19,2283.5,37970.0
2023-05-22,2263.5,49010.0
2023-05-23,2227.0,59380.0
2023-05-24,2205.0,79560.0
2023-05-25,2231.0,59560.0
2023-05-26,2237.5,47640.0
2023-05-30,2224.0,48900.0
2023-05-31,2246.0,57580.0
2023-06-01,2282.5,59200.0
2023-06-02,2263.5,69550.0
2023-06-05,2244.0,56060.0
2023-06-06,2210.0,62460.0
2023-06-07,2219.0,48790.0
2023-06-08,2254.5,48070.0
2023-06-09,2268.0,46040.0
2023-06-12,2228.0,39150.0
2023-06-13,2232.0,38410.0
2023-06-14,2253.5,47120.0
2023-06-15,2249.5,53920.0
2023-06-16,2271.0,59770.0
2023-06-19,2241.0,38240.0
2023-06-20,2230.0,69350.0
2023-06-21,2223.0,48180.0
2023-06-22,2201.0,38740.0
2023-06-23,2174.5,49790.0
2023-06-26,2148.5,51760.0
2023-06-27,2195.0,64050.0
2023-06-28,2173.5,45720.0
2023-06-29,2160.0,35190.0
2023-06-30,2151.5,56830.0
2023-07-03,2157.5,38080.0
2023-07-04,2167.5,25760.0
2023-07-05,2142.5,50910.0
2023-07-06,2129.0,40500.0
2023-07-07,2145.5,40180.0
2023-07-10,2147.0,37170.0
2023-07-11,2168.5,47220.0
2023-07-12,2236.0,77010.0
2023-07-13,2278.0,78300.0
2023-07-14,2276.5,52990.0
2023-07-17,2255.0,39240.0
2023-07-18,2203.5,53980.0
2023-07-19,2190.5,49970.0
2023-07-20,2201.0,41300.0
2023-07-21,2204.5,30010.0
2023-07-24,2209.0,30520.0
2023-07-25,2240.0,48350.0
2023-07-26,2213.0,39260.0
2023-07-27,2205.0,39960.0
2023-07-28,2222.0,40180.0
2023-07-31,2282.5,60800.0
2023-08-01,2255.5,54100.0
2023-08-02,2209.0,54760.0
2023-08-03,2230.0,49070.0
2023-08-04,2232.5,39680.0
2023-08-07,2230.0,24380.0
2023-08-08,2200.5,108550.0
2023-08-09,2195.0,38000.0
2023-08-10,2204.0,40190.0
2023-08-11,2175.5,39060.0
2023-08-14,2146.0,39950.0
2023-08-15,2142.5,64019.99999999999
2023-08-16,2143.0,39480.0
2023-08-17,2145.5,50260.0
2023-08-18,2137.0,40270.0
2023-08-21,2144.0,50070.0
2023-08-22,2177.0,72870.0
2023-08-23,2179.5,34330.0
2023-08-24,2157.5,36010.0
2023-08-25,2150.5,38070.0
2023-08-29,2168.5,44750.0
2023-08-30,2201.5,57950.0
2023-08-31,2208.0,72070.0
2023-09-01,2237.0,77490.0
2023-09-04,2212.5,34400.0
2023-09-05,2193.0,38790.0
2023-09-06,2193.5,45700.0
2023-09-07,2196.0,42470.0
2023-09-08,2183.5,41260.0
2023-09-11,2205.5,40690.0
2023-09-12,2196.5,30500.0
2023-09-13,2217.5,45410.0
2023-09-14,2224.5,46050.0
2023-09-15,2190.0,52600.0
2023-09-18,2220.0,57000.0
2023-09-19,2215.5,39690.0
2023-09-20,2256.0,89150.0
2023-09-21,2212.0,50990.0
2023-09-22,2240.5,54990.0
2023-09-25,2233.5,40260.0
2023-09-26,2243.5,37480.0
2023-09-27,2238.0,48750.0
2023-09-28,2277.5,70490.0
2023-09-29,2347.0,95450.0
2023-10-02,2321.0,70930.0
2023-10-03,2290.0,62870.0
2023-10-04,2246.5,69010.0
2023-10-05,2232.0,41330.0
2023-10-06,2239.5,42620.0
2023-10-09,2241.5,45560.0
2023-10-10,2212.5,45590.0
2023-10-11,2214.0,32770.0
2023-10-12,2200.0,48570.0
2023-10-13,2199.5,40020.0
2023-10-16,2180.5,43470.0
2023-10-17,2177.0,70350.0
2023-10-18,2182.0,34320.0
2023-10-19,2185.0,36400.0
2023-10-20,2181.5,27910.0
2023-10-23,2176.0,31710.0
2023-10-24,2191.0,44210.0
2023-10-25,2219.0,47390.0
2023-10-26,2197.5,43570.0
2023-10-27,2220.0,48140.0
2023-10-30,2266.5,62100.0
2023-10-31,2251.5,56470.0
2023-11-01,2236.5,42640.0
2023-11-02,2227.5,41980.0
2023-11-03,2254.0,40540.0
2023-11-06,2287.5,51860.0
2023-11-07,2265.0,51620.0
2023-11-08,2263.5,38180.0
2023-11-09,2242.5,51750.0
2023-11-10,2215.0,68040.0
2023-11-13,2223.5,51720.0
2023-11-14,2231.0,59270.0
2023-11-15,2232.5,50730.0
2023-11-16,2215.5,50830.0
2023-11-17,2207.0,50950.0
2023-11-20,2245.5,56950.0
2023-11-21,2258.5,68140.0
2023-11-22,2218.5,57600.0
2023-11-23,2224.5,25810.0
2023-11-24,2216.0,33860.0
2023-11-27,2210.5,43900.0
2023-11-28,2217.0,58480.0
2023-11-29,2214.0,45230.0
2023-11-30,2193.0,63090.0
2023-12-01,2209.0,78710.0
2023-12-04,2182.0,58390.0
2023-12-05,2160.0,72110.0
2023-12-06,2148.5,48020.0
2023-12-07,2132.5,57900.0
2023-12-08,2134.0,61180.0
2023-12-11,2117.0,54540.0
2023-12-12,2121.0,52890.0
2023-12-13,2140.0,60910.0
2023-12-14,2210.0,121660.0
2023-12-15,2247.5,122120.0
2023-12-18,2283.0,74700.0
2023-12-19,2262.5,59360.0
2023-12-20,2241.0,103250.0
2023-12-21,2244.0,41940.0
2023-12-22,2326.0,90090.0
2023-12-27,2387.0,75270.0
2023-12-28,2378.0,65890.0
2023-12-29,2384.0,42760.0
2024-01-02,2335.5,63260.0
2024-01-03,2312.5,64290.00000000001
2024-01-04,2281.0,49500.0
2024-01-05,2273.5,51500.0
2024-01-08,2236.5,55620.0
2024-01-09,2249.5,49140.0
2024-01-10,2232.5,42840.0
2024-01-11,2235.0,56730.0
2024-01-12,2219.5,55890.0
2024-01-15,2204.5,40390.0
2024-01-16,2214.0,50410.0
2024-01-17,2178.0,71080.0
2024-01-18,2163.5,59260.0
2024-01-19,2166.0,43890.0
2024-01-22,2159.0,49950.0
2024-01-23,2228.0,92560.0
2024-01-24,2229.5,88650.0
2024-01-25,2238.5,58260.0
2024-01-26,2274.5,59370.0
2024-01-29,2264.5,55080.0
2024-01-30,2274.5,49530.0
2024-01-31,2280.0,52650.0
2024-02-01,2247.0,49340.0
2024-02-02,2233.5,47310.0
2024-02-05,2212.5,44460.0
2024-02-06,2230.5,61350.0
2024-02-07,2222.0,43500.0
2024-02-08,2221.5,49760.0
2024-02-09,2216.0,48950.0
2024-02-12,2227.0,45200.0
2024-02-13,2225.5,35230.0
2024-02-14,2235.5,45780.0
2024-02-15,2224.5,74100.0
2024-02-16,2218.0,50020.0
2024-02-19,2197.0,50480.0
2024-02-20,2193.5,63440.0
2024-02-21,2219.5,107970.0
2024-02-22,2198.0,75190.0
2024-02-23,2180.0,62590.0
2024-02-26,2180.0,42310.0
2024-02-27,2191.5,44440.0
2024-02-28,2190.5,48120.0
2024-02-29,2228.0,61930.0
2024-03-01,2245.0,59750.0
2024-03-04,2234.0,46960.0
2024-03-05,2228.5,42390.0
2024-03-06,2235.0,45090.0
2024-03-07,2253.0,76630.0
2024-03-08,2240.0,54220.0
2024-03-11,2259.0,48680.0
2024-03-12,2265.0,53120.0
2024-03-13,2264.0,45450.0
2024-03-14,2251.5,42590.0
2024-03-15,2274.5,61210.0
2024-03-18,2277.5,63010.0
2024-03-19,2269.0,113230.0
2024-03-20,2273.0,61180.0
2024-03-21,2301.5,87410.0
2024-03-22,2309.0,78730.0
2024-03-25,2326.0,68450.0
2024-03-26,2303.5,60450.0
2024-03-27,2298.5,52640.0
2024-03-28,2337.0,62230.0
2024-04-02,2380.0,112270.0
2024-04-03,2429.0,121770.0
2024-04-04,2444.5,103720.0
2024-04-05,2450.5,89210.0
2024-04-08,2460.5,106850.0
2024-04-09,2460.0,76760.0
2024-04-10,2456.0,87390.0
2024-04-11,2454.0,48910.0
2024-04-12,2494.0,91760.0
2024-04-15,2555.0,196150.0
2024-04-16,2561.5,85900.0
2024-04-17,2587.0,105910.0
2024-04-18,2614.5,90810.0
2024-04-19,2669.0,115940.0
2024-04-22,2670.5,78630.0
2024-04-23,2579.0,112140.0
2024-04-24,2603.0,73420.0
2024-04-25,2563.5,67890.0
2024-04-26,2569.5,52040.0
2024-04-29,2590.0,56400.0
2024-04-30,2591.5,63050.0
2024-05-01,2577.5,41490.0
2024-05-02,2528.0,74220.0
2024-05-03,2551.5,59790.0
2024-05-07,2569.5,64060.0
2024-05-08,2549.0,56150.0
2024-05-09,2561.5,34790.0
2024-05-10,2529.5,73570.0
2024-05-13,2542.0,74040.0
2024-05-14,2551.0,68970.0
2024-05-15,2598.5,90120.0
2024-05-16,2586.5,79570.0
2024-05-17,2612.0,49420.0
2024-05-20,2630.0,59790.0
2024-05-21,2725.5,148050.0
2024-05-22,2636.5,90170.0
2024-05-23,2621.5,63010.0
2024-05-24,2662.0,51710.0
2024-05-28,2729.5,57680.0
2024-05-29,2767.5,74360.0
2024-05-30,2703.5,88150.0
2024-05-31,2652.5,72910.0
2024-06-03,2661.5,50280.0
2024-06-04,2663.5,69630.0
2024-06-05,2622.0,60690.0
2024-06-06,2647.5,45410.0
2024-06-07,2578.0,62230.0
2024-06-10,2572.0,54170.0
2024-06-11,2533.5,64620.00000000001
2024-06-12,2575.5,58670.0
2024-06-13,2557.0,55280.0
2024-06-14,2517.5,44320.0
2024-06-17,2501.5,56950.0
2024-06-18,2486.5,78050.0
2024-06-19,2499.0,34430.0
2024-06-20,2521.5,42680.0
2024-06-21,2513.5,41720.0
2024-06-24,2503.0,36520.0
2024-06-25,2496.0,32130.000000000004
2024-06-26,2512.0,45900.0
2024-06-27,2492.5,32619.999999999996
2024-06-28,2524.5,45090.0
2024-07-01,2515.5,34970.0
2024-07-02,2522.5,34170.0
2024-07-03,2548.0,42120.0
2024-07-04,2522.5,23640.0
2024-07-05,2535.5,37310.0
2024-07-08,2531.5,36170.0
2024-07-09,2496.5,41610.0
2024-07-10,2483.5,52070.0
2024-07-11,2476.5,50450.0
2024-07-12,2481.0,45770.0
2024-07-15,2461.5,52910.0
2024-07-16,2406.0,119860.0
2024-07-17,2402.0,59100.0
2024-07-18,2385.0,58790.0
2024-07-19,2351.5,59350.0
2024-07-22,2299.5,86290.0
2024-07-23,2295.0,71790.0
2024-07-24,2300.5,64300.0
2024-07-25,2270.5,100590.0
2024-07-26,2289.0,63540.0
2024-07-29,2250.5,67020.0
2024-07-30,2224.5,83020.0
2024-07-31,2290.5,90810.0
2024-08-01,2296.0,59490.0
2024-08-02,2263.5,59200.0
2024-08-05,2250.0,80300.0
2024-08-06,2296.0,55400.0
2024-08-07,2288.0,62380.0
2024-08-08,2274.0,41730.0
2024-08-09,2301.5,45690.0
2024-08-12,2305.5,38920.0
2024-08-13,2332.0,45430.0
2024-08-14,2335.5,55580.0
2024-08-15,2363.5,45600.0
2024-08-16,2365.5,40220.0
2024-08-19,2445.5,75970.0
2024-08-20,2502.0,140510.0
2024-08-21,2487.0,72350.0
2024-08-22,2480.0,74950.0
2024-08-23,2542.0,62440.0
2024-08-27,2549.5,76720.0
2024-08-28,2496.0,52390.0
2024-08-29,2457.5,46360.0
2024-08-30,2447.0,59520.0
2024-09-02,2424.0,37380.0
2024-09-03,2407.5,51830.0
2024-09-04,2396.5,50090.0
2024-09-05,2378.5,53050.0
2024-09-06,2342.0,64209.99999999999
2024-09-09,2350.5,55460.0
2024-09-10,2336.5,56050.0
2024-09-11,2370.5,46360.0
2024-09-12,2415.5,50570.0
2024-09-13,2471.0,44240.0
2024-09-16,2528.5,78200.0
2024-09-17,2524.0,60790.0
2024-09-18,2536.5,97280.0
2024-09-19,2539.5,63330.0
2024-09-20,2485.0,61340.0
2024-09-23,2494.5,57410.0
2024-09-24,2556.0,77160.0
2024-09-25,2538.5,68020.0
2024-09-26,2611.5,84000.0
2024-09-27,2646.5,78630.0
2024-09-30,2611.5,66290.0
2024-10-01,2648.0,49230.0
2024-10-02,2678.5,47630.0
2024-10-03,2629.0,47610.0
2024-10-04,2653.0,43890.0
2024-10-07,2658.0,29770.0
2024-10-08,2571.0,71700.0
2024-10-09,2541.0,61000.0
2024-10-10,2586.0,55120.0
2024-10-11,2632.5,77800.0
2024-10-14,2594.0,61510.0
2024-10-15,2570.5,74840.0
2024-10-16,2584.0,55300.0
2024-10-17,2553.5,45800.0
2024-10-18,2612.0,49620.0
2024-10-21,2595.5,53970.0
2024-10-22,2633.5,48420.0
2024-10-23,2669.5,60370.0
2024-10-24,2650.0,66500.0
2024-10-25,2677.5,66520.0
2024-10-28,2645.5,42120.0
2024-10-29,2659.0,47580.0
2024-10-30,2616.0,52980.0
2024-10-31,2617.5,53460.0
2024-11-01,2600.0,57460.0
2024-11-04,2620.0,38580.0
2024-11-05,2660.0,52910.0
2024-11-06,2615.5,72820.0
2024-11-07,2694.5,95660.0
2024-11-08,2620.5,75330.0
2024-11-11,2586.5,44240.0
2024-11-12,2563.0,54530.0
2024-11-13,2530.5,55400.0
2024-11-14,2516.5,74260.0
2024-11-15,2649.5,148970.0
2024-11-18,2607.5,88360.0
2024-11-19,2644.5,68640.0
2024-11-20,2644.0,62200.0
2024-11-21,2631.5,38110.0
2024-11-22,2624.0,37650.0
2024-11-25,2652.0,53770.0
2024-11-26,2612.5,51590.0
2024-11-27,2595.5,39600.0
2024-11-28,2599.0,32870.0
2024-11-29,2594.0,39590.0
2024-12-02,2590.0,43190.0
2024-12-03,2609.5,53100.0
2024-12-04,2646.5,47360.0
2024-12-05,2639.0,39060.0
2024-12-06,2603.5,55650.0
2024-12-09,2588.0,55700.0
2024-12-10,2608.5,53430.0
2024-12-11,2601.0,39370.0
2024-12-12,2599.5,44580.0
2024-12-13,2605.0,41980.0
2024-12-16,2566.5,58790.0
2024-12-17,2542.5,53780.0
2024-12-18,2528.5,42340.0
2024-12-19,2507.0,78890.0
2024-12-20,2534.5,39830.0
2024-12-23,2527.0,32740.000000000004
2024-12-24,2565.0,40850.0
2024-12-27,2558.0,37190.0
2024-12-30,2551.0,25600.0
2024-12-31,2551.5,22960.0
2025-01-02,2529.0,46190.0
2025-01-03,2493.5,56380.0
2025-01-06,2490.0,60370.0
2025-01-07,2517.5,61470.0
2025-01-08,2498.5,56680.0
2025-01-09,2539.0,55970.0
2025-01-10,2571.5,72190.0
2025-01-13,2578.5,48090.0
2025-01-14,2560.0,67880.0
2025-01-15,2601.5,
2025-01-16,2635.0,
2025-01-17,2682.0,
2025-01-20,2691.0,
2025-01-21,2652.0,
2025-01-22,2635.0,
2025-01-23,2631.0,
2025-01-24,2637.0,
2025-01-27,2612.0,
2025-01-28,2576.55,
2025-01-29,2621.95,
2025-01-30,2617.45,
2025-01-31,2595.3,
2025-02-03,2626.2,
2025-02-04,2632.25,
2025-02-05,2625.65,
2025-02-06,2622.9,
2025-02-07,2637.75,
2025-02-10,2666.6,
2025-02-11,2639.05,
2025-02-12,2629.3,
2025-02-13,2610.65,
2025-02-14,2638.95,
2025-02-17,2650.15,
2025-02-18,2670.45,
2025-02-19,2683.9,
2025-02-20,2728.8,
2025-02-21,2675.1,
2025-02-24,2656.3,
2025-02-25,2639.75,
2025-02-26,2632.3,
2025-02-27,2636.0,
2025-02-28,2608.05,
2025-03-03,2617.45,
2025-03-04,2618.25,
2025-03-05,2665.4,
2025-03-06,2705.55,
2025-03-07,2696.05,
2025-03-10,2690.0,
2025-03-11,2705.0,
2025-03-12,2699.0,
2025-03-13,2702.9,
2025-03-14,2682.0,
2025-03-17,2690.5,
2025-03-18,2655.2,
2025-03-19,2669.2,
2025-03-20,2656.55,
2025-03-21,2626.2,
2025-03-24,2614.25,
2025-03-25,2607.6,
2025-03-26,2606.5,
2025-03-27,2561.85,
2025-03-28,2550.85,
2025-03-31,2536.75,
2025-04-01,2504.45,
2025-04-02,2490.35,
2025-04-03,2456.05,
2025-04-04,2378.05,
2025-04-07,2379.55,
2025-04-08,2339.6,
2025-04-09,2342.57,
2025-04-10,2369.0,
2025-04-11,2401.85,
2025-04-14,2386.05,
2025-04-15,2372.9,
2025-04-16,2388.6,
2025-04-17,2383.15,
2025-04-22,2394.55,
2025-04-23,2439.4,
2025-04-24,2459.9,
2025-04-25,2437.4,
2025-04-28,2435.3,
2025-04-29,2467.85,
2025-04-30,2397.5,
2025-05-01,2412.1,
2025-05-02,2440.4,
2025-05-06,2424.45,
2025-05-07,2380.05,
2025-05-08,2408.75,
2025-05-09,2421.1,
2025-05-12,2470.9,
2025-05-13,2490.95,
2025-05-14,2523.2,
2025-05-15,2500.6,
2025-05-16,2479.9,
2025-05-19,2439.15,
2025-05-20,2482.95,
2025-05-21,2477.25,
2025-05-22,2460.2,
2025-05-23,2472.4,
2025-05-27,2483.45,
2025-05-28,2470.55,
2025-05-29,2450.35,
2025-05-30,2446.4,
2025-06-02,2474.55,
2025-06-03,2472.6,
2025-06-04,2489.6,
2025-06-05,2479.2,
2025-06-06,2453.4,
2025-06-09,2480.65,
2025-06-10,2492.35,
2025-06-11,2517.95,
2025-06-12,2521.7,
2025-06-13,2506.05,
2025-06-16,2518.4,
2025-06-17,2547.7,
2025-06-18,2545.0,
2025-06-19,2527.25,
2025-06-20,2556.5,
2025-06-23,2589.95,
2025-06-24,2575.85,
2025-06-25,2571.1,
2025-06-26,2592.35,
2025-06-27,2598.85,
2025-06-30,2601.65,
2025-07-01,2602.1,
2025-07-02,2623.2,
2025-07-03,2608.15,
2025-07-04,2595.65,
2025-07-07,2569.65,
2025-07-08,2594.55,
2025-07-09,2605.2,
2025-07-10,2609.25,
2025-07-11,2603.7,
2025-07-14,2596.15,
2025-07-15,2582.45,
2025-07-16,2577.9,
2025-07-17,2588.25,
2025-07-18,2635.9,
2025-07-21,2644.95,
2025-07-22,2657.25,
2025-07-23,2645.65,
2025-07-24,2652.05,
2025-07-25,2635.85,
2025-07-28,2634.35,
2025-07-29,2608.0,
2025-07-30,2607.2,
2025-07-31,2565.55,
2025-08-01,2573.35,
2025-08-04,2564.6,
2025-08-05,2567.75,
2025-08-06,2624.35,
2025-08-07,2608.85,
2025-08-08,2615.75,
2025-08-11,2584.5,
2025-08-12,2628.3,
2025-08-13,2610.7,
2025-08-14,2624.25,
2025-08-15,2603.6,
2025-08-18,2585.75,
2025-08-19,2565.1,
2025-08-20,2582.6,
2025-08-21,2592.85,
2025-08-22,2622.55,
2025-08-26,2638.2,
2025-08-27,2605.4,
2025-08-28,2609.55,
2025-08-29,2620.15,
2025-09-01,2617.4,
2025-09-02,2621.25,
2025-09-03,2617.3,
2025-09-04,2591.75,
2025-09-05,2606.15,
2025-09-08,2614.4,
2025-09-09,2629.45,
2025-09-10,2628.2,
2025-09-11,2678.85,
2025-09-12,2699.9,
2025-09-15,2703.7,
2025-09-16,2714.55,
2025-09-17,2684.05,
2025-09-18,2696.5,
2025-09-19,2672.7,
2025-09-22,2650.35,
2025-09-23,2642.15,
2025-09-24,2656.0,
2025-09-25,2661.15,
2025-09-26,2652.6,
2025-09-29,2679.15,
2025-09-30,2681.95,
2025-10-01,2697.25,
2025-10-02,2689.35,
2025-10-03,2711.25,
2025-10-06,2720.25,
2025-10-07,2743.9,
2025-10-08,2759.05,
2025-10-09,2785.95,
2025-10-10,2749.55,
2025-10-13,2769.8,
2025-10-14,2746.1,
2025-10-15,2747.05,
2025-10-16,2799.2,
2025-10-17,2774.55,
2025-10-20,2773.75,
2025-10-21,2781.2,
2025-10-22,2809.8,
2025-10-23,2863.05,
2025-10-24,2859.9,
2025-10-27,2876.15,
2025-10-28,2899.7,
2025-10-29,2884.6,
2025-10-30,2872.55,
2025-10-31,2892.55,
2025-11-03,2912.95,
2025-11-04,2862.0,
2025-11-05,2863.2,
2025-11-06,2844.15,
2025-11-07,2856.95,
2025-11-10,2882.8,
2025-11-11,2878.55,
2025-11-12,2892.6,
2025-11-13,2879.15,
2025-11-14,2860.0,
2025-11-17,2815.8,
2025-11-18,2788.9,
2025-11-19,2813.25,
2025-11-20,2812.7,
2025-11-21,2805.7,
2025-11-24,2814.85,
2025-11-25,2811.9,
2025-11-26,2871.65,
2025-11-27,2833.25,
2025-11-28,2873.6,
2025-12-01,2892.55,
2025-12-02,2862.45,
2025-12-03,2901.5,
2025-12-04,2901.75,
2025-12-05,2909.2,
2025-12-08,2888.8,
2025-12-09,2856.63,
2025-12-10,2871.8,
2025-12-11,2903.85,
2025-12-12,2877.0,
2025-12-15,2873.9,
2025-12-16,2881.7,
2025-12-17,2902.4,
2025-12-18,2916.1,
2025-12-19,2958.9,
2025-12-22,2942.95,
2025-12-23,2947.45,
2025-12-24,2956.95,
2025-12-29,2951.15,
2025-12-30,2987.15,
2025-12-31,2995.95,
2026-01-02,3023.1,
2026-01-05,3087.4,
2026-01-06,3133.85,
2026-01-07,3086.55,
2026-01-08,3089.05,
2026-01-09,3147.85,
2026-01-12,3189.8,
2026-01-13,3190.4,
2026-01-14,3186.5,
2026-01-15,3170.25,
2026-01-16,3140.7,
2026-01-19,3166.4,
2026-01-20,3117.8,
2026-01-21,3119.58,
2026-01-22,3140.9,
2026-01-23,3175.35,
2026-01-26,3199.35,
2026-01-27,3210.35,
2026-01-28,3267.0,
2026-01-29,3230.5,
2026-01-30,3117.65,
2026-02-02,3054.2,
2026-02-03,3105.15,
2026-02-04,3052.15,
2026-02-05,3035.1,
2026-02-06,3111.65,
2026-02-09,3129.55,
2026-02-10,3101.5,
2026-02-11,3119.85,
2026-02-12,3097.15,
2026-02-13,3095.75,
2026-02-16,3045.3,
2026-02-17,3040.3,
2026-02-18,3084.5,
2026-02-19,3071.85,
2026-02-20,3101.9,
2026-02-23,3092.75,
2026-02-24,3110.9,
2026-02-25,3175.4,
2026-02-26,3148.1,
2026-02-27,3146.9,
2026-03-02,3194.45,
2026-03-03,3277.5,
2026-03-04,3333.5,
2026-03-05,3279.95,
2026-03-06,3425.9,
2026-03-09,3384.45,
2026-03-10,3393.0,
2026-03-11,3446.0,
2026-03-12,3519.35,
2026-03-13,3420.0,
2026-03-16,3391.2,
2026-03-17,3369.6,
2026-03-18,3415.18,
2026-03-19,3242.0,
2026-03-20,3194.95,
2026-03-23,3227.5,
2026-03-24,3239.5,
2026-03-25,3245.5,
2026-03-26,3248.95,
2026-03-27,3275.2,
2026-03-30,3431.5,
2026-03-31,3429.55,
2026-04-01,3523.8,
2026-04-02,3468.5,
2026-04-07,3464.5,
2026-04-08,3478.0,
2026-04-09,3446.6,
2026-04-10,3511.25,
2026-04-13,3626.75,
2026-04-14,3584.0,
2026-04-15,3620.15,
2026-04-16,3644.45,
2026-04-17,3557.0,
2026-04-20,3555.0,
2026-04-21,3532.5,
2026-04-22,3629.0,
2026-04-23,3619.52,
2026-04-24,3603.0,
2026-04-27,3580.8,
2026-04-28,3539.5,
2026-04-29,3481.4,
2026-04-30,3483.5,
2026-05-01,3518.4,
2026-05-05,3575.75,
2026-05-06,3526.0,
2026-05-07,3483.23,
2026-05-08,3503.05,
2026-05-11,3578.45,
2026-05-12,3575.2,
2026-05-13,3653.85,
2026-05-14,3653.0,
2026-05-15,3564.0,
2026-05-18,3561.65,
2026-05-19,3596.0,
2026-05-20,3631.35,
2026-05-21,3638.05,
2026-05-22,3650.9,
2026-05-26,3678.55,
2026-05-27,3627.0,
2026-05-28,3673.65,
2026-05-29,3675.0,
2026-06-01,3731.95,
2026-06-02,3762.0,
2026-06-03,3700.05,
2026-06-04,3667.6,
2026-06-05,3598.5,
2026-06-08,3594.2,
2026-06-09,3525.9,
2026-06-10,3475.5,
2026-06-11,3518.48,
2026-06-12,3543.0,
2026-06-15,3375.65,
2026-06-16,3393.85,
2026-06-17,3422.35,
2026-06-18,3399.45,
2026-06-19,3400.85,
2026-06-22,3362.6,
2026-06-23,3258.2,
2026-06-24,3119.0,
2026-06-25,3173.25,
2026-06-26,3199.0,
2026-06-29,3099.8,
2026-06-30,3098.15,
2026-07-01,3097.35,
2026-07-02,3085.45,
2026-07-03,3093.3,
2026-07-06,3111.25,
2026-07-07,3141.0,
2026-07-08,3141.0,
2026-07-09,3209.0,
2026-07-10,3146.35,
2026-07-13,3155.65,
2026-07-14,3175.6,
2026-07-15,3147.5,
2026-07-16,3178.4,
2026-07-17,3164.65,
2026-07-20,3137.5,
2026-07-21,3166.2,
2026-07-22,3190.55,
2026-07-23,3191.55,
2026-07-24,3165.05,
2026-07-27,3171.0,
2026-07-28,3148.6,
2026-07-29,3178.6,
2026-07-30,3194.0,
2026-07-31,3194.65,
