date,zinc_close,zinc_volume
2016-01-04,1566.0,9330.0
2016-01-05,1572.5,20550.0
2016-01-06,1540.0,6140.0
2016-01-07,1488.5,6870.0
2016-01-08,1502.5,13090.0
2016-01-11,1465.5,7390.0
2016-01-12,1460.5,9930.0
2016-01-13,1485.0,9290.0
2016-01-14,1512.0,17040.0
2016-01-15,1475.5,9860.0
2016-01-18,1494.5,30210.0
2016-01-19,1500.5,4430.0
2016-01-20,1482.0,4090.0
2016-01-21,1507.5,4670.0
2016-01-22,1510.0,5750.0
2016-01-25,1517.5,4880.0
2016-01-26,1589.0,3630.0
2016-01-27,1612.0,6080.0
2016-01-28,1576.5,15950.0
2016-01-29,1616.0,9100.0
2016-02-01,1650.0,10210.0
2016-02-02,1664.5,8080.0
2016-02-03,1696.0,5240.0
2016-02-04,1715.0,8810.0
2016-02-05,1668.5,5550.0
2016-02-08,1733.0,9610.0
2016-02-09,1677.0,8820.0
2016-02-10,1700.5,8630.0
2016-02-11,1707.0,11080.0
2016-02-12,1698.5,5710.0
2016-02-15,1682.5,32530.0
2016-02-16,1659.0,4620.0
2016-02-17,1667.0,4000.0
2016-02-18,1704.5,9990.0
2016-02-19,1745.5,10700.0
2016-02-22,1782.5,8170.0
2016-02-23,1736.5,13170.0
2016-02-24,1781.0,9410.0
2016-02-25,1731.0,6320.0
2016-02-26,1753.0,10690.0
2016-02-29,1765.0,12530.0
2016-03-01,1789.0,13360.0
2016-03-02,1815.5,11840.0
2016-03-03,1845.0,9240.0
2016-03-04,1844.0,11430.0
2016-03-07,1812.5,11790.0
2016-03-08,1762.5,9710.0
2016-03-09,1792.0,7230.0
2016-03-10,1768.5,10110.0
2016-03-11,1802.0,15580.0
2016-03-14,1783.0,20120.0
2016-03-15,1748.0,4480.0
2016-03-16,1775.5,4130.0
2016-03-17,1843.0,3210.0
2016-03-18,1843.5,7010.0
2016-03-21,1861.0,3610.0
2016-03-22,1867.0,4560.0
2016-03-23,1835.5,3500.0
2016-03-24,1790.5,6050.0
2016-03-29,1792.0,4250.0
2016-03-30,1797.0,8490.0
2016-03-31,1817.5,12530.0
2016-04-01,1863.5,7170.0
2016-04-04,1855.0,4720.0
2016-04-05,1812.0,4680.0
2016-04-06,1796.0,3110.0
2016-04-07,1749.0,8770.0
2016-04-08,1758.5,4260.0
2016-04-11,1757.0,7710.0
2016-04-12,1846.0,6570.0
2016-04-13,1878.5,7200.0
2016-04-14,1861.5,9130.0
2016-04-15,1879.0,9320.0
2016-04-18,1893.0,22570.0
2016-04-19,1932.0,6400.0
2016-04-20,1927.0,6390.0
2016-04-21,1903.0,5180.0
2016-04-22,1907.5,4450.0
2016-04-25,1872.0,5760.0
2016-04-26,1895.5,2390.0
2016-04-27,1885.5,4650.0
2016-04-28,1909.0,11800.0
2016-04-29,1937.0,5920.0
2016-05-03,1894.0,12890.0
2016-05-04,1882.0,7230.0
2016-05-05,1860.0,9530.0
2016-05-06,1881.5,6820.0
2016-05-09,1831.5,6530.0
2016-05-10,1849.0,7370.0
2016-05-11,1905.0,8250.0
2016-05-12,1875.0,5280.0
2016-05-13,1895.0,10350.0
2016-05-16,1897.5,22340.0
2016-05-17,1900.0,4750.0
2016-05-18,1892.0,5880.0
2016-05-19,1860.5,3670.0
2016-05-20,1864.5,6300.0
2016-05-23,1833.0,7900.0
2016-05-24,1825.5,8730.0
2016-05-25,1837.5,7170.0
2016-05-26,1876.0,15900.0
2016-05-27,1904.0,10260.0
2016-05-31,1926.0,25800.0
2016-06-01,1964.0,13860.0
2016-06-02,1976.5,19160.0
2016-06-03,1996.5,17430.0
2016-06-06,2025.5,10870.0
2016-06-07,1994.5,6730.0
2016-06-08,2075.0,17050.0
2016-06-09,2072.0,5100.0
2016-06-10,2087.5,17830.0
2016-06-13,2078.0,26130.0
2016-06-14,2015.0,6550.0
2016-06-15,2035.0,6420.0
2016-06-16,1992.0,5400.0
2016-06-17,1978.5,5070.0
2016-06-20,2017.5,8280.0
2016-06-21,2034.5,3880.0
2016-06-22,2045.0,5690.0
2016-06-23,2040.5,3110.0
2016-06-24,2021.0,4120.0
2016-06-27,1997.0,3220.0
2016-06-28,2077.5,7790.0
2016-06-29,2086.5,5790.0
2016-06-30,2106.0,16420.0
2016-07-01,2147.0,8210.0
2016-07-04,2117.0,4300.0
2016-07-05,2108.0,10810.0
2016-07-06,2116.0,11980.0
2016-07-07,2095.5,8660.0
2016-07-08,2142.0,5760.0
2016-07-11,2131.5,9940.0
2016-07-12,2193.0,12270.0
2016-07-13,2178.5,12630.0
2016-07-14,2192.5,15270.0
2016-07-15,2206.5,6230.0
2016-07-18,2224.5,30940.0
2016-07-19,2245.0,
2016-07-20,2245.0,
2016-07-21,2250.5,2920.0
2016-07-22,2254.5,5650.0
2016-07-25,2257.0,7440.0
2016-07-26,2232.5,5260.0
2016-07-27,2167.5,7820.0
2016-07-28,2207.5,6200.0
2016-07-29,2246.0,11180.0
2016-08-01,2262.0,5900.0
2016-08-02,2275.0,7260.0
2016-08-03,2278.0,6980.0
2016-08-04,2255.0,7510.0
2016-08-05,2265.0,3980.0
2016-08-08,2280.5,4170.0
2016-08-09,2273.5,6860.0
2016-08-10,2285.0,10350.0
2016-08-11,2279.0,10750.0
2016-08-12,2235.0,20830.0
2016-08-15,2263.5,22400.0
2016-08-16,2257.0,
2016-08-17,2273.0,
2016-08-18,2294.0,8320.0
2016-08-19,2293.0,5670.0
2016-08-22,2284.5,8280.0
2016-08-23,2299.0,15290.0
2016-08-24,2278.5,15770.0
2016-08-25,2297.5,12620.0
2016-08-26,2319.5,10310.0
2016-08-30,2311.5,21220.0
2016-08-31,2314.0,26510.0
2016-09-01,2345.5,16120.000000000002
2016-09-02,2364.0,9560.0
2016-09-05,2358.0,5750.0
2016-09-06,2317.5,12740.0
2016-09-07,2320.5,17880.0
2016-09-08,2313.0,21160.0
2016-09-09,2292.0,9210.0
2016-09-12,2262.0,7630.0
2016-09-13,2229.5,30190.0
2016-09-14,2275.0,10950.0
2016-09-15,2231.5,14950.0
2016-09-16,2216.5,12020.0
2016-09-19,2253.5,19720.0
2016-09-20,2299.5,
2016-09-21,2265.0,
2016-09-22,2285.0,5910.0
2016-09-23,2276.0,7920.0
2016-09-26,2286.5,3660.0
2016-09-27,2306.0,5090.0
2016-09-28,2334.5,4260.0
2016-09-29,2355.0,3850.0
2016-09-30,2377.0,12480.0
2016-10-03,2408.5,14580.0
2016-10-04,2379.0,6560.0
2016-10-05,2345.5,7200.0
2016-10-06,2324.0,9260.0
2016-10-07,2329.0,3820.0
2016-10-10,2331.5,6810.0
2016-10-11,2250.5,14880.0
2016-10-12,2261.5,12070.0
2016-10-13,2250.5,7740.0
2016-10-14,2260.5,5550.0
2016-10-17,2280.5,33330.0
2016-10-18,2289.5,
2016-10-19,2314.5,
2016-10-20,2288.0,7190.0
2016-10-21,2257.0,5730.0
2016-10-24,2322.0,3860.0
2016-10-25,2359.0,8440.0
2016-10-26,2343.0,8460.0
2016-10-27,2360.5,8800.0
2016-10-28,2398.0,7860.0
2016-10-31,2464.5,9260.0
2016-11-01,2469.0,12650.0
2016-11-02,2425.5,5360.0
2016-11-03,2480.0,4630.0
2016-11-04,2445.0,4790.0
2016-11-07,2469.5,8800.0
2016-11-08,2481.0,7380.0
2016-11-09,2510.5,6630.0
2016-11-10,2521.0,10030.0
2016-11-11,2475.0,8900.0
2016-11-14,2620.0,31520.0
2016-11-15,2621.0,
2016-11-16,2526.5,
2016-11-17,2529.0,11370.0
2016-11-18,2559.0,15880.0
2016-11-21,2573.0,12320.0
2016-11-22,2612.5,10930.0
2016-11-23,2701.0,6940.0
2016-11-24,2731.0,6620.0
2016-11-25,2880.0,11050.0
2016-11-28,2820.5,17860.0
2016-11-29,2733.5,19370.0
2016-11-30,2699.5,26990.0
2016-12-01,2761.0,13840.0
2016-12-02,2660.5,11250.0
2016-12-05,2771.0,9400.0
2016-12-06,2816.5,10840.0
2016-12-07,2745.5,6440.0
2016-12-08,2690.5,9010.0
2016-12-09,2706.0,4820.0
2016-12-12,2743.0,15040.0
2016-12-13,2711.5,5730.0
2016-12-14,2818.5,6480.0
2016-12-15,2804.0,8350.0
2016-12-16,2729.5,5240.0
2016-12-19,2605.0,31240.0
2016-12-20,2635.0,
2016-12-21,2615.0,
2016-12-22,2634.0,7110.0
2016-12-23,2575.5,3060.0
2016-12-28,2580.0,14780.0
2016-12-29,2520.0,4400.0
2016-12-30,2567.0,20130.0
2017-01-03,2535.5,7970.0
2017-01-04,2624.0,8880.0
2017-01-05,2607.0,6510.0
2017-01-06,2622.0,5930.0
2017-01-09,2676.5,6650.0
2017-01-10,2710.0,6720.0
2017-01-11,2685.0,12470.0
2017-01-12,2742.5,5960.0
2017-01-13,2784.0,11140.0
2017-01-16,2744.0,26440.0
2017-01-17,2711.0,
2017-01-18,2766.5,
2017-01-19,2756.0,5930.0
2017-01-20,2750.0,7000.0
2017-01-23,2793.0,3010.0
2017-01-24,2824.0,7780.0
2017-01-25,2801.0,5350.0
2017-01-26,2760.5,3830.0
2017-01-27,2756.0,7730.0
2017-01-30,2782.0,3940.0
2017-01-31,2867.0,11350.0
2017-02-01,2866.0,9650.0
2017-02-02,2852.0,10970.0
2017-02-03,2783.0,5110.0
2017-02-06,2793.0,3530.0
2017-02-07,2795.5,4220.0
2017-02-08,2836.0,5240.0
2017-02-09,2826.5,4680.0
2017-02-10,2930.0,12560.0
2017-02-13,2913.5,32000.0
2017-02-14,2897.5,
2017-02-15,2869.0,
2017-02-16,2865.0,21930.0
2017-02-17,2810.0,10560.0
2017-02-20,2878.0,15070.0
2017-02-21,2863.0,11710.0
2017-02-22,2855.5,13610.0
2017-02-23,2778.0,13470.0
2017-02-24,2830.0,15830.0
2017-02-27,2811.0,11150.0
2017-02-28,2821.0,100690.0
2017-03-01,2858.5,27450.0
2017-03-02,2786.0,12570.0
2017-03-03,2783.5,7650.0
2017-03-06,2742.5,6650.0
2017-03-07,2695.0,6920.0
2017-03-08,2692.5,7420.0
2017-03-09,2681.0,13910.0
2017-03-10,2709.5,17770.0
2017-03-13,2749.5,33000.0
2017-03-14,2748.0,
2017-03-15,2821.5,
2017-03-16,2828.5,7460.0
2017-03-17,2890.0,6740.0
2017-03-20,2864.0,5480.0
2017-03-21,2818.5,3770.0
2017-03-22,2860.5,2220.0
2017-03-23,2824.0,9610.0
2017-03-24,2830.0,3870.0
2017-03-27,2768.5,4430.0
2017-03-28,2821.5,6070.0
2017-03-29,2858.5,7680.0
2017-03-30,2846.5,8210.0
2017-03-31,2768.0,7170.0
2017-04-03,2706.0,9280.0
2017-04-04,2754.0,6340.0
2017-04-05,2785.0,10340.0
2017-04-06,2731.0,5140.0
2017-04-07,2686.0,8380.0
2017-04-10,2627.0,3560.0
2017-04-11,2575.0,18240.0
2017-04-12,2602.5,28020.0
2017-04-13,2622.5,28270.0
2017-04-18,2523.5,
2017-04-19,2567.5,
2017-04-20,2633.0,4990.0
2017-04-21,2584.0,2960.0
2017-04-24,2597.5,2580.0
2017-04-25,2604.0,3740.0
2017-04-26,2630.0,5060.0
2017-04-27,2616.5,3020.0
2017-04-28,2623.5,12270.0
2017-05-02,2650.5,6540.0
2017-05-03,2572.5,5710.0
2017-05-04,2572.5,8540.0
2017-05-05,2591.0,7100.0
2017-05-08,2588.0,19540.0
2017-05-09,2612.5,7240.0
2017-05-10,2600.0,6170.0
2017-05-11,2585.5,9260.0
2017-05-12,2551.5,19860.0
2017-05-15,2572.5,28960.0
2017-05-16,2556.0,
2017-05-17,2565.5,
2017-05-18,2539.0,20800.0
2017-05-19,2634.5,11130.0
2017-05-22,2647.0,9470.0
2017-05-23,2667.0,9160.0
2017-05-24,2649.0,8370.0
2017-05-25,2634.0,12620.0
2017-05-26,2643.5,20330.0
2017-05-30,2627.0,11140.0
2017-05-31,2600.0,17920.0
2017-06-01,2567.5,10990.0
2017-06-02,2535.5,11970.0
2017-06-05,2495.0,11620.0
2017-06-06,2461.0,17380.0
2017-06-07,2441.0,12590.0
2017-06-08,2471.0,7270.0
2017-06-09,2539.5,4360.0
2017-06-12,2480.5,8160.0
2017-06-13,2472.0,10520.0
2017-06-14,2482.5,10320.0
2017-06-15,2513.5,15580.0
2017-06-16,2526.0,15780.0
2017-06-19,2563.5,28990.0
2017-06-20,2557.0,
2017-06-21,2643.5,
2017-06-22,2692.0,7780.0
2017-06-23,2704.5,7260.0
2017-06-26,2710.5,4580.0
2017-06-27,2750.0,4240.0
2017-06-28,2736.5,16780.0
2017-06-29,2746.0,9400.0
2017-06-30,2763.0,9550.0
2017-07-03,2808.0,5060.0
2017-07-04,2785.5,7070.0
2017-07-05,2776.0,9040.0
2017-07-06,2780.5,6500.0
2017-07-07,2786.5,7360.0
2017-07-10,2773.0,7200.0
2017-07-11,2821.0,12910.0
2017-07-12,2819.0,7550.0
2017-07-13,2797.0,12800.0
2017-07-14,2789.0,14990.0
2017-07-17,2821.5,28470.0
2017-07-18,2789.5,
2017-07-19,2737.5,
2017-07-20,2726.5,7720.0
2017-07-21,2756.0,8470.0
2017-07-24,2787.5,8010.0
2017-07-25,2842.5,7060.0
2017-07-26,2800.5,5380.0
2017-07-27,2794.5,8830.0
2017-07-28,2784.0,7030.0
2017-07-31,2798.0,5050.0
2017-08-01,2782.0,6530.0
2017-08-02,2804.5,8150.0
2017-08-03,2794.0,9190.0
2017-08-04,2812.5,4580.0
2017-08-07,2872.0,5700.0
2017-08-08,2930.5,11120.0
2017-08-09,2937.5,9440.0
2017-08-10,2928.0,9010.0
2017-08-11,2900.5,15860.0
2017-08-14,2921.0,38120.0
2017-08-15,2955.0,
2017-08-16,3119.0,
2017-08-17,3057.0,13540.0
2017-08-18,3139.0,10350.0
2017-08-21,3128.5,6660.0
2017-08-22,3120.0,14550.0
2017-08-23,3105.5,11480.0
2017-08-24,3111.0,13070.0
2017-08-25,3068.0,7880.0
2017-08-29,3110.5,19420.0
2017-08-30,3083.0,15930.0
2017-08-31,3159.5,28800.0
2017-09-01,3210.0,17100.0
2017-09-04,3207.0,7180.0
2017-09-05,3102.0,33410.0
2017-09-06,3104.0,12100.0
2017-09-07,3134.5,12950.0
2017-09-08,3031.0,11520.0
2017-09-11,3087.0,16140.0
2017-09-12,3063.0,8060.000000000001
2017-09-13,3029.5,14260.0
2017-09-14,3004.5,16129.999999999998
2017-09-15,3032.0,118250.0
2017-09-18,3110.5,65489.99999999999
2017-09-19,3110.5,
2017-09-20,3134.0,
2017-09-21,3041.5,8890.0
2017-09-22,3063.5,17210.0
2017-09-25,3113.0,14180.0
2017-09-26,3112.5,6840.0
2017-09-27,3121.0,7950.0
2017-09-28,3160.0,7160.0
2017-09-29,3166.5,10750.0
2017-10-02,3240.0,5680.0
2017-10-03,3281.0,11150.0
2017-10-04,3279.0,16970.0
2017-10-05,3295.0,16590.0
2017-10-06,3243.0,6890.0
2017-10-09,3252.5,11330.0
2017-10-10,3290.5,10890.0
2017-10-11,3220.0,17340.0
2017-10-12,3257.5,15730.0
2017-10-13,3245.0,11190.0
2017-10-16,3190.0,43760.0
2017-10-17,3073.0,
2017-10-18,3115.5,
2017-10-19,3114.0,7750.0
2017-10-20,3102.0,6190.0
2017-10-23,3147.0,7150.0
2017-10-24,3174.5,8740.0
2017-10-25,3208.5,6780.0
2017-10-26,3216.5,4010.0
2017-10-27,3171.5,7160.0
2017-10-30,3209.5,5460.0
2017-10-31,3261.0,12500.0
2017-11-01,3252.5,7750.0
2017-11-02,3246.5,12290.0
2017-11-03,3214.0,9970.0
2017-11-06,3235.0,9510.0
2017-11-07,3160.0,12740.0
2017-11-08,3187.5,16970.0
2017-11-09,3189.0,13150.0
2017-11-10,3217.5,17780.0
2017-11-13,3218.0,52610.0
2017-11-14,3155.0,
2017-11-15,3142.0,
2017-11-16,3133.0,8600.0
2017-11-17,3186.0,8140.000000000001
2017-11-20,3163.0,9960.0
2017-11-21,3222.5,7680.0
2017-11-22,3228.0,12730.0
2017-11-23,3239.0,3680.0
2017-11-24,3234.5,63600.0
2017-11-27,3186.0,17870.0
2017-11-28,3157.0,18070.0
2017-11-29,3156.5,20820.0
2017-11-30,3155.0,30270.0
2017-12-01,3239.5,20480.0
2017-12-04,3178.0,18730.0
2017-12-05,3113.0,16440.0
2017-12-06,3089.0,11810.0
2017-12-07,3079.5,11390.0
2017-12-08,3086.5,6810.0
2017-12-11,3128.0,12850.0
2017-12-12,3152.5,13600.0
2017-12-13,3154.0,13800.0
2017-12-14,3185.5,9320.0
2017-12-15,3206.0,39570.0
2017-12-18,3195.0,35860.0
2017-12-19,3203.0,
2017-12-20,3218.0,
2017-12-21,3243.0,17590.0
2017-12-22,3274.0,5300.0
2017-12-27,3267.0,5230.0
2017-12-28,3296.5,8170.0
2017-12-29,3313.0,10540.0
2018-01-02,3345.0,7440.0
2018-01-03,3329.5,13820.0
2018-01-04,3350.0,10090.0
2018-01-05,3352.5,8500.0
2018-01-08,3383.5,9710.0
2018-01-09,3334.0,15900.0
2018-01-10,3347.5,25030.0
2018-01-11,3380.5,11930.0
2018-01-12,3396.5,12850.0
2018-01-15,3432.5,73850.0
2018-01-16,3406.0,
2018-01-17,3376.0,
2018-01-18,3376.0,15280.0
2018-01-19,3405.0,5190.0
2018-01-22,3415.5,6320.0
2018-01-23,3407.5,7820.0
2018-01-24,3439.5,6570.0
2018-01-25,3460.0,11600.0
2018-01-26,3483.0,10940.0
2018-01-29,3549.5,5300.0
2018-01-30,3512.0,8620.0
2018-01-31,3528.5,12450.0
2018-02-01,3561.5,9870.0
2018-02-02,3510.0,11720.0
2018-02-05,3517.0,11110.0
2018-02-06,3469.5,12020.0
2018-02-07,3383.5,13650.0
2018-02-08,3421.0,9660.0
2018-02-09,3378.5,15620.0
2018-02-12,3392.0,8530.0
2018-02-13,3466.0,6630.0
2018-02-14,3566.0,12400.0
2018-02-15,3579.5,9160.0
2018-02-16,3567.0,12360.0
2018-02-19,3565.5,49340.0
2018-02-20,3548.5,
2018-02-21,3533.0,
2018-02-22,3528.5,21190.0
2018-02-23,3508.5,17040.0
2018-02-26,3530.5,11860.0
2018-02-27,3488.0,17700.0
2018-02-28,3453.5,24970.0
2018-03-01,3401.5,32600.0
2018-03-02,3362.5,26100.0
2018-03-05,3307.0,21520.0
2018-03-06,3307.0,20400.0
2018-03-07,3273.5,10170.0
2018-03-08,3227.0,18430.0
2018-03-09,3296.0,12660.0
2018-03-12,3239.5,13270.0
2018-03-13,3295.5,7900.0
2018-03-14,3210.0,23480.0
2018-03-15,3230.5,16900.0
2018-03-16,3254.5,15660.0
2018-03-19,3252.0,35150.0
2018-03-20,3201.5,
2018-03-21,3251.5,
2018-03-22,3210.0,7140.0
2018-03-23,3224.0,5070.0
2018-03-26,3269.5,7880.0
2018-03-27,3282.5,10500.0
2018-03-28,3278.5,7940.0
2018-03-29,3270.0,9830.0
2018-04-03,3277.5,19070.0
2018-04-04,3252.0,12860.0
2018-04-05,3240.5,11140.0
2018-04-06,3240.5,3730.0
2018-04-09,3212.0,7600.0
2018-04-10,3249.0,9310.0
2018-04-11,3222.5,12590.0
2018-04-12,3088.0,11510.0
2018-04-13,3103.0,34630.0
2018-04-16,3131.5,44420.0
2018-04-17,3167.5,
2018-04-18,3263.0,
2018-04-19,3216.0,4940.0
2018-04-20,3235.5,5800.0
2018-04-23,3231.0,7130.0
2018-04-24,3215.5,5140.0
2018-04-25,3135.5,7520.0
2018-04-26,3135.5,6000.0
2018-04-27,3136.5,7940.0
2018-04-30,3120.0,5070.0
2018-05-01,3070.5,10600.0
2018-05-02,3050.0,6340.0
2018-05-03,3005.0,10700.0
2018-05-04,3062.0,5720.0
2018-05-08,3075.0,7790.0
2018-05-09,3089.5,9160.0
2018-05-10,3082.0,8790.0
2018-05-11,3093.0,13870.0
2018-05-14,3054.0,21880.0
2018-05-15,3058.0,
2018-05-16,3078.0,
2018-05-17,3091.5,14680.0
2018-05-18,3094.0,11390.0
2018-05-21,3096.5,11380.0
2018-05-22,3040.5,13880.0
2018-05-23,3025.5,15170.0
2018-05-24,3037.0,6630.0
2018-05-25,3052.0,9000.0
2018-05-29,3077.0,9340.0
2018-05-30,3145.5,10590.0
2018-05-31,3100.0,18170.0
2018-06-01,3088.5,14100.0
2018-06-04,3119.0,11530.0
2018-06-05,3192.0,17930.0
2018-06-06,3181.5,9680.0
2018-06-07,3160.0,8260.0
2018-06-08,3200.5,12230.0
2018-06-11,3205.5,12980.0
2018-06-12,3196.5,9820.0
2018-06-13,3212.0,10990.0
2018-06-14,3178.0,31390.0
2018-06-15,3077.0,21520.0
2018-06-18,3071.5,44130.0
2018-06-19,3003.0,
2018-06-20,3000.5,
2018-06-21,2935.0,10530.0
2018-06-22,2933.0,9160.0
2018-06-25,2843.0,9570.0
2018-06-26,2855.5,7620.0
2018-06-27,2882.0,7090.0
2018-06-28,2901.5,9750.0
2018-06-29,2855.0,11960.0
2018-07-02,2827.5,13900.0
2018-07-03,2779.0,6180.0
2018-07-04,2710.5,7510.0
2018-07-05,2697.0,10630.0
2018-07-06,2751.0,12460.0
2018-07-09,2688.0,5070.0
2018-07-10,2627.0,5900.0
2018-07-11,2563.0,6740.0
2018-07-12,2575.0,12960.0
2018-07-13,2583.0,10340.0
2018-07-16,2475.5,24710.0
2018-07-17,2505.5,
2018-07-18,2618.5,
2018-07-19,2564.5,12020.0
2018-07-20,2578.5,6490.0
2018-07-23,2549.5,7250.0
2018-07-24,2593.5,8790.0
2018-07-25,2583.5,3690.0
2018-07-26,2585.0,4470.0
2018-07-27,2580.5,4580.0
2018-07-30,2549.5,5250.0
2018-07-31,2630.5,16170.000000000002
2018-08-01,2540.0,8080.0
2018-08-02,2561.5,5280.0
2018-08-03,2607.0,8660.0
2018-08-06,2566.0,8290.0
2018-08-07,2601.5,8750.0
2018-08-08,2610.5,7570.0
2018-08-09,2596.0,17660.0
2018-08-10,2536.5,12510.0
2018-08-13,2467.0,43160.0
2018-08-14,2450.5,
2018-08-15,2283.0,
2018-08-16,2374.5,11280.0
2018-08-17,2388.5,10660.0
2018-08-20,2375.0,7230.0
2018-08-21,2432.5,17110.0
2018-08-22,2462.0,12760.0
2018-08-23,2464.5,8550.0
2018-08-24,2526.0,10600.0
2018-08-28,2522.0,19110.0
2018-08-29,2515.0,9700.0
2018-08-30,2463.5,20740.0
2018-08-31,2471.5,11000.0
2018-09-03,2460.5,9410.0
2018-09-04,2402.5,8570.0
2018-09-05,2415.5,10970.0
2018-09-06,2437.5,14650.0
2018-09-07,2401.5,13890.0
2018-09-10,2361.5,14440.0
2018-09-11,2317.5,14200.0
2018-09-12,2390.5,12660.0
2018-09-13,2351.0,10540.0
2018-09-14,2311.0,11530.0
2018-09-17,2333.0,47790.0
2018-09-18,2372.0,
2018-09-19,2426.5,
2018-09-20,2465.5,5970.0
2018-09-21,2509.0,8880.0
2018-09-24,2515.5,10230.0
2018-09-25,2515.0,7700.0
2018-09-26,2538.0,6580.0
2018-09-27,2511.5,6540.0
2018-09-28,2597.0,9500.0
2018-10-01,2646.5,11400.0
2018-10-02,2657.0,7580.0
2018-10-03,2670.0,6630.0
2018-10-04,2610.0,13660.0
2018-10-05,2621.0,4600.0
2018-10-08,2623.0,4490.0
2018-10-09,2680.0,5410.0
2018-10-10,2615.0,9980.0
2018-10-11,2616.5,5860.0
2018-10-12,2636.5,9320.0
2018-10-15,2592.0,31970.0
2018-10-16,2598.5,
2018-10-17,2665.5,
2018-10-18,2662.0,6640.0
2018-10-19,2622.0,6780.0
2018-10-22,2656.0,6200.0
2018-10-23,2664.0,9680.0
2018-10-24,2665.0,10900.0
2018-10-25,2647.0,5180.0
2018-10-26,2657.5,3830.0
2018-10-29,2605.0,5490.0
2018-10-30,2541.0,10900.0
2018-10-31,2485.5,14210.0
2018-11-01,2540.5,12750.0
2018-11-02,2549.0,8790.0
2018-11-05,2527.0,4950.0
2018-11-06,2482.0,8840.0
2018-11-07,2462.5,8160.0
2018-11-08,2500.5,6570.0
2018-11-09,2500.0,5070.0
2018-11-12,2492.0,8470.0
2018-11-13,2498.0,5250.0
2018-11-14,2506.0,7790.0
2018-11-15,2567.5,7070.0
2018-11-16,2618.5,11080.0
2018-11-19,2598.5,31300.0
2018-11-20,2541.0,
2018-11-21,2564.0,
2018-11-22,2588.5,7490.0
2018-11-23,2507.5,6150.0
2018-11-26,2484.5,11220.0
2018-11-27,2421.0,10860.0
2018-11-28,2463.0,12580.0
2018-11-29,2460.5,10580.0
2018-11-30,2536.0,14610.0
2018-12-03,2578.5,16920.0
2018-12-04,2584.0,12840.0
2018-12-05,2620.0,9150.0
2018-12-06,2605.5,11750.0
2018-12-07,2585.0,11620.0
2018-12-10,2572.0,4260.0
2018-12-11,2596.5,5820.0
2018-12-12,2563.5,8410.0
2018-12-13,2573.0,10570.0
2018-12-14,2534.0,12110.0
2018-12-17,2550.0,29440.0
2018-12-18,2513.5,
2018-12-19,2543.0,
2018-12-20,2543.5,7550.0
2018-12-21,2489.0,11850.0
2018-12-24,2478.0,8400.0
2018-12-27,2491.0,8640.0
2018-12-28,2444.5,10720.0
2018-12-31,2446.0,4300.0
2019-01-02,2395.0,13460.0
2019-01-03,2400.0,9280.0
2019-01-04,2448.5,8560.0
2019-01-07,2496.0,8410.0
2019-01-08,2482.0,14830.0
2019-01-09,2486.5,11100.0
2019-01-10,2451.5,16129.999999999998
2019-01-11,2497.0,15450.0
2019-01-14,2472.5,31880.0
2019-01-15,2455.0,
2019-01-16,2504.0,
2019-01-17,2537.0,10250.0
2019-01-18,2579.0,4530.0
2019-01-21,2575.5,5570.0
2019-01-22,2580.5,6730.0
2019-01-23,2617.5,12160.0
2019-01-24,2626.0,6390.0
2019-01-25,2682.0,12650.0
2019-01-28,2676.5,3010.0
2019-01-29,2655.5,1990.0
2019-01-30,2688.0,4930.0
2019-01-31,2723.5,4620.0
2019-02-01,2758.0,6300.0
2019-02-04,2799.5,3300.0
2019-02-05,2731.0,6810.0
2019-02-06,2709.5,3920.0
2019-02-07,2721.5,6500.0
2019-02-08,2697.0,5390.0
2019-02-11,2641.5,3850.0
2019-02-12,2608.0,4700.0
2019-02-13,2608.0,6040.0
2019-02-14,2588.0,12110.0
2019-02-15,2662.0,5110.0
2019-02-18,2642.0,25120.0
2019-02-19,2662.0,
2019-02-20,2698.0,
2019-02-21,2674.0,6040.0
2019-02-22,2711.0,10630.0
2019-02-25,2711.0,5690.0
2019-02-26,2742.5,8400.0
2019-02-27,2749.5,15840.0
2019-02-28,2757.5,14380.0
2019-03-01,2777.5,12810.0
2019-03-04,2741.5,11120.0
2019-03-05,2779.0,11290.0
2019-03-06,2784.5,20470.0
2019-03-07,2735.0,17100.0
2019-03-08,2716.0,12480.0
2019-03-11,2749.0,11730.0
2019-03-12,2842.0,10430.0
2019-03-13,2836.0,
2019-03-14,2820.25,
2019-03-15,2782.75,
2019-03-18,2775.5,
2019-03-19,2815.5,
2019-03-20,2877.5,
2019-03-21,2836.75,
2019-03-22,2820.25,
2019-03-25,2840.25,
2019-03-26,2878.0,
2019-03-27,2883.5,
2019-03-28,2868.0,
2019-03-29,2911.25,
2019-04-01,2897.75,
2019-04-02,2870.0,
2019-04-03,2933.0,
2019-04-04,2914.25,
2019-04-05,2919.0,
2019-04-08,2899.0,
2019-04-09,2854.25,
2019-04-10,2879.0,
2019-04-11,2870.5,
2019-04-12,2923.5,
2019-04-15,2897.5,
2019-04-16,2810.25,
2019-04-17,2809.5,
2019-04-18,2794.25,
2019-04-23,2749.75,
2019-04-24,2747.75,
2019-04-25,2747.5,
2019-04-26,2763.5,
2019-04-29,2797.25,
2019-04-30,2824.5,
2019-05-01,2758.25,
2019-05-02,2736.75,
2019-05-03,2770.75,
2019-05-07,2697.0,
2019-05-08,2647.5,
2019-05-09,2637.5,
2019-05-10,2639.5,
2019-05-13,2577.0,
2019-05-14,2591.75,
2019-05-15,2633.25,
2019-05-16,2633.5,
2019-05-17,2596.75,
2019-05-20,2573.5,
2019-05-21,2582.75,
2019-05-22,2545.75,
2019-05-23,2525.75,
2019-05-24,2555.5,
2019-05-28,2559.75,
2019-05-29,2540.0,
2019-05-30,2557.5,
2019-05-31,2523.25,
2019-06-03,2475.5,
2019-06-04,2472.75,
2019-06-05,2459.25,
2019-06-06,2510.75,
2019-06-07,2483.5,
2019-06-10,2475.25,
2019-06-11,2520.0,
2019-06-12,2512.0,
2019-06-13,2476.25,
2019-06-14,2455.25,
2019-06-17,2472.5,
2019-06-18,2513.75,
2019-06-19,2464.25,
2019-06-20,2464.0,
2019-06-21,2433.5,
2019-06-24,2490.25,
2019-06-25,2534.0,
2019-06-26,2501.75,
2019-06-27,2488.75,
2019-06-28,2492.25,
2019-07-01,2460.75,
2019-07-02,2468.75,
2019-07-03,2448.5,
2019-07-04,2426.5,
2019-07-05,2410.0,
2019-07-08,2382.0,
2019-07-09,2368.25,
2019-07-10,2406.5,
2019-07-11,2394.0,
2019-07-12,2436.0,
2019-07-15,2441.0,
2019-07-16,2466.75,
2019-07-17,2473.5,
2019-07-18,2456.0,
2019-07-19,2424.25,
2019-07-22,2427.5,
2019-07-23,2444.25,
2019-07-24,2454.75,
2019-07-25,2426.75,
2019-07-26,2440.75,
2019-07-29,2461.0,
2019-07-30,2444.5,
2019-07-31,2439.75,
2019-08-01,2394.75,
2019-08-02,2353.25,
2019-08-05,2320.75,
2019-08-06,2305.75,
2019-08-07,2275.25,
2019-08-08,2304.0,
2019-08-09,2238.0,
2019-08-12,2273.0,
2019-08-13,2330.0,
2019-08-14,2270.75,
2019-08-15,2262.75,
2019-08-16,2266.5,
2019-08-19,2257.0,
2019-08-20,2233.0,
2019-08-21,2286.5,
2019-08-22,2241.0,
2019-08-23,2245.0,
2019-08-27,2279.0,
2019-08-28,2267.75,
2019-08-29,2255.25,
2019-08-30,2219.0,
2019-09-02,2241.25,
2019-09-03,2209.75,
2019-09-04,2314.0,
2019-09-05,2332.5,
2019-09-06,2322.0,
2019-09-09,2305.75,
2019-09-10,2343.5,
2019-09-11,2353.5,
2019-09-12,2341.25,
2019-09-13,2391.0,
2019-09-16,2356.0,
2019-09-17,2341.5,
2019-09-18,2322.75,
2019-09-19,2317.5,
2019-09-20,2293.25,
2019-09-23,2331.5,100410.0
2019-09-24,2282.0,140850.0
2019-09-25,2290.0,158360.0
2019-09-26,2302.0,137710.0
2019-09-27,2303.5,114630.0
2019-09-30,2378.0,168830.0
2019-10-01,2305.0,277360.0
2019-10-02,2318.0,207540.0
2019-10-03,2295.0,125030.0
2019-10-04,2300.0,127830.0
2019-10-07,2289.0,175790.0
2019-10-08,2298.0,240900.0
2019-10-09,2291.0,309160.0
2019-10-10,2388.0,287690.0
2019-10-11,2419.0,264300.0
2019-10-14,2420.0,131310.0
2019-10-15,2438.0,107520.0
2019-10-16,2434.0,104790.0
2019-10-17,2439.0,110480.0
2019-10-18,2454.0,
2019-10-21,2473.0,67080.0
2019-10-22,2467.5,100340.0
2019-10-23,2468.0,102090.0
2019-10-24,2491.0,122300.0
2019-10-25,2510.0,145910.0
2019-10-28,2543.5,117450.0
2019-10-29,2544.0,110410.0
2019-10-30,2529.0,105130.0
2019-10-31,2482.5,130940.0
2019-11-01,2520.0,91270.0
2019-11-04,2539.0,123570.0
2019-11-05,2498.0,150620.0
2019-11-06,2475.0,126580.0
2019-11-07,2485.0,156620.0
2019-11-08,2482.0,122720.0
2019-11-11,2496.5,146390.0
2019-11-12,2472.0,114790.0
2019-11-13,2422.0,103370.0
2019-11-14,2396.0,103280.0
2019-11-15,2380.0,91720.0
2019-11-18,2344.0,146210.0
2019-11-19,2344.0,129460.00000000001
2019-11-20,2313.0,113450.0
2019-11-21,2293.0,78670.0
2019-11-22,2305.0,81170.0
2019-11-25,2281.0,82200.0
2019-11-26,2299.0,108040.0
2019-11-27,2297.0,78480.0
2019-11-28,2278.0,51590.0
2019-11-29,2273.5,74920.0
2019-12-02,2243.0,112010.0
2019-12-03,2202.0,154880.0
2019-12-04,2246.0,110970.0
2019-12-05,2234.0,137720.0
2019-12-06,2238.0,148490.0
2019-12-09,2239.0,139060.0
2019-12-10,2227.5,161370.0
2019-12-11,2222.0,141700.0
2019-12-12,2263.0,135090.0
2019-12-13,2253.0,109380.0
2019-12-16,2291.0,110510.0
2019-12-17,2281.5,119050.0
2019-12-18,2301.0,87970.0
2019-12-19,2325.0,76740.0
2019-12-20,2341.0,65000.0
2019-12-23,2291.0,70260.0
2019-12-24,2274.0,69080.0
2019-12-27,2305.0,62480.0
2019-12-30,2306.0,64090.0
2019-12-31,2272.0,69670.0
2020-01-02,2310.0,113530.0
2020-01-03,2306.0,93500.0
2020-01-06,2324.5,90530.0
2020-01-07,2346.0,130060.0
2020-01-08,2403.0,166780.0
2020-01-09,2377.0,183660.0
2020-01-10,2378.0,122960.0
2020-01-13,2378.0,174860.0
2020-01-14,2373.5,117200.0
2020-01-15,2385.0,92630.0
2020-01-16,2422.0,109360.0
2020-01-17,2429.5,61100.0
2020-01-20,2444.0,54330.0
2020-01-21,2454.5,100510.0
2020-01-22,2396.0,91970.0
2020-01-23,2344.0,108460.0
2020-01-24,2341.0,140950.0
2020-01-27,2240.0,82890.0
2020-01-28,2230.0,99600.0
2020-01-29,2211.0,92120.0
2020-01-30,2188.0,94400.0
2020-01-31,2200.0,129740.00000000001
2020-02-03,2146.0,129740.00000000001
2020-02-04,2166.5,184540.0
2020-02-05,2213.0,134470.0
2020-02-06,2207.0,137370.0
2020-02-07,2145.0,218790.0
2020-02-10,2134.0,194450.0
2020-02-11,2148.0,191100.0
2020-02-12,2148.0,152830.0
2020-02-13,2175.0,161950.0
2020-02-14,2149.0,82860.0
2020-02-17,2172.0,98540.0
2020-02-18,2145.0,108330.0
2020-02-19,2128.0,94450.0
2020-02-20,2112.0,79260.0
2020-02-21,2115.0,110110.0
2020-02-24,2046.0,108340.0
2020-02-25,2029.0,113530.0
2020-02-26,2046.0,90670.0
2020-02-27,2012.0,100650.0
2020-02-28,2021.5,115820.0
2020-03-02,2023.0,118170.0
2020-03-03,1975.5,133640.0
2020-03-04,1982.0,149240.0
2020-03-05,2011.0,120160.0
2020-03-06,1984.0,124190.0
2020-03-09,1979.0,120280.0
2020-03-10,1976.0,139490.0
2020-03-11,1987.0,161360.0
2020-03-12,1938.0,137840.0
2020-03-13,1985.0,116480.0
2020-03-16,1942.0,126490.0
2020-03-17,1871.0,135790.0
2020-03-18,1846.0,134090.0
2020-03-19,1847.0,122440.0
2020-03-20,1848.0,106290.0
2020-03-23,1818.5,79480.0
2020-03-24,1815.5,59460.0
2020-03-25,1836.0,62940.0
2020-03-26,1860.0,84320.0
2020-03-27,1878.0,84610.0
2020-03-30,1872.0,84960.0
2020-03-31,1905.5,98740.0
2020-04-01,1870.5,101790.0
2020-04-02,1887.5,87810.0
2020-04-03,1882.0,61630.0
2020-04-06,1904.5,77620.0
2020-04-07,1924.0,146430.0
2020-04-08,1923.0,110350.0
2020-04-09,1901.0,120820.0
2020-04-14,1922.5,167030.0
2020-04-15,1931.0,87020.0
2020-04-16,1938.0,61620.0
2020-04-17,1958.0,52430.0
2020-04-20,1947.0,54810.0
2020-04-21,1911.0,82160.0
2020-04-22,1895.5,85030.0
2020-04-23,1872.5,68480.0
2020-04-24,1883.0,68750.0
2020-04-27,1905.0,65290.00000000001
2020-04-28,1930.5,76000.0
2020-04-29,1946.5,69500.0
2020-04-30,1939.5,89790.0
2020-05-01,1913.5,58760.0
2020-05-04,1899.5,62920.0
2020-05-05,1918.0,75650.0
2020-05-06,1975.0,99100.0
2020-05-07,2003.5,131690.0
2020-05-11,2028.5,121360.0
2020-05-12,2005.0,97570.0
2020-05-13,1975.0,92020.0
2020-05-14,1957.0,72310.0
2020-05-15,1961.5,73360.0
2020-05-18,2024.0,122620.0
2020-05-19,2033.5,101070.0
2020-05-20,2036.5,81730.0
2020-05-21,1983.5,76630.0
2020-05-22,1985.5,88690.0
2020-05-26,1982.0,97910.0
2020-05-27,1920.5,90190.0
2020-05-28,1934.5,92520.0
2020-05-29,1988.0,104350.0
2020-06-01,2022.0,90220.0
2020-06-02,2019.5,95180.0
2020-06-03,2021.5,90510.0
2020-06-04,2033.0,87290.0
2020-06-05,2052.5,126990.0
2020-06-08,2042.0,128759.99999999999
2020-06-09,2017.5,116390.0
2020-06-10,2020.5,101870.0
2020-06-11,2007.0,106090.0
2020-06-12,1977.0,82730.0
2020-06-15,1982.5,100720.0
2020-06-16,1995.5,101840.0
2020-06-17,2019.5,72320.0
2020-06-18,2052.0,76300.0
2020-06-19,2082.0,62430.0
2020-06-22,2087.5,65590.0
2020-06-23,2040.0,70340.0
2020-06-24,2036.5,72030.0
2020-06-25,2050.0,58920.0
2020-06-26,2038.5,49230.0
2020-06-29,2061.5,60220.0
2020-06-30,2047.5,82550.0
2020-07-01,2041.5,82660.0
2020-07-02,2044.5,80270.0
2020-07-03,2026.0,14320.0
2020-07-06,2063.0,23160.0
2020-07-07,2070.0,20080.0
2020-07-08,2131.0,38490.0
2020-07-09,2156.0,30650.0
2020-07-10,2193.5,23690.0
2020-07-13,2261.5,32759.999999999996
2020-07-14,2194.5,22870.0
2020-07-15,2200.5,20750.0
2020-07-16,2225.5,18520.0
2020-07-17,2182.5,16580.0
2020-07-20,2200.5,18470.0
2020-07-21,2245.0,26970.0
2020-07-22,2213.0,26310.0
2020-07-23,2239.5,16560.0
2020-07-24,2218.0,16800.0
2020-07-27,2237.0,12700.0
2020-07-28,2246.5,24250.0
2020-07-29,2297.0,26370.0
2020-07-30,2286.5,24830.0
2020-07-31,2318.5,25550.0
2020-08-03,2324.0,23220.0
2020-08-04,2339.5,27370.0
2020-08-05,2409.0,35200.0
2020-08-06,2412.0,22740.0
2020-08-07,2404.0,26590.0
2020-08-10,2397.0,22960.0
2020-08-11,2410.0,23800.0
2020-08-12,2401.0,21260.0
2020-08-13,2375.0,18600.0
2020-08-14,2367.5,20390.0
2020-08-17,2442.0,29360.0
2020-08-18,2458.5,38900.0
2020-08-19,2505.0,23070.0
2020-08-20,2489.0,16280.000000000002
2020-08-21,2456.0,21800.0
2020-08-24,2445.5,13670.0
2020-08-25,2482.0,15060.0
2020-08-26,2467.0,13290.0
2020-08-27,2485.5,16340.0
2020-08-28,2515.0,28970.0
2020-09-01,2553.0,35710.0
2020-09-02,2533.5,23650.0
2020-09-03,2514.0,22500.0
2020-09-04,2483.0,17710.0
2020-09-07,2509.5,9650.0
2020-09-08,2417.0,32340.000000000004
2020-09-09,2423.0,21080.0
2020-09-10,2416.5,19010.0
2020-09-11,2471.0,21260.0
2020-09-14,2480.5,12380.0
2020-09-15,2496.5,24180.0
2020-09-16,2528.0,28720.0
2020-09-17,2514.0,24270.0
2020-09-18,2538.0,19100.0
2020-09-21,2458.5,20370.0
2020-09-22,2464.5,16010.000000000002
2020-09-23,2404.0,17960.0
2020-09-24,2370.0,27780.0
2020-09-25,2369.0,18380.0
2020-09-28,2432.0,17260.0
2020-09-29,2424.5,16580.0
2020-09-30,2403.0,18420.0
2020-10-01,2326.5,21940.0
2020-10-02,2327.0,20650.0
2020-10-05,2326.5,13550.0
2020-10-06,2363.0,15900.0
2020-10-07,2357.0,18260.0
2020-10-08,2365.0,12490.0
2020-10-09,2434.0,34180.0
2020-10-12,2440.0,18730.0
2020-10-13,2417.0,18780.0
2020-10-14,2417.0,13670.0
2020-10-15,2425.5,15710.0
2020-10-16,2436.0,13440.0
2020-10-19,2491.0,16470.0
2020-10-20,2529.5,31260.0
2020-10-21,2568.5,19610.0
2020-10-22,2578.5,20480.0
2020-10-23,2558.5,20080.0
2020-10-26,2539.5,14760.0
2020-10-27,2545.0,14630.0
2020-10-28,2529.0,22870.0
2020-10-29,2531.5,17160.0
2020-10-30,2523.0,17870.0
2020-11-02,2540.5,19150.0
2020-11-03,2566.5,22440.0
2020-11-04,2593.5,19500.0
2020-11-05,2615.5,20550.0
2020-11-06,2634.5,14740.0
2020-11-09,2641.5,27030.0
2020-11-10,2645.0,14820.0
2020-11-11,2624.0,17890.0
2020-11-12,2626.0,13330.0
2020-11-13,2629.0,11180.0
2020-11-16,2679.5,19240.0
2020-11-17,2689.5,33600.0
2020-11-18,2747.0,32439.999999999996
2020-11-19,2759.0,21420.0
2020-11-20,2793.5,19450.0
2020-11-23,2729.5,22760.0
2020-11-24,2757.0,16510.0
2020-11-25,2754.5,12790.0
2020-11-26,2760.5,12330.0
2020-11-27,2795.0,22630.0
2020-11-30,2790.5,25930.0
2020-12-01,2770.0,20700.0
2020-12-02,2747.5,21970.0
2020-12-03,2756.0,13950.0
2020-12-04,2757.0,12410.0
2020-12-07,2786.5,18670.0
2020-12-08,2799.5,14710.0
2020-12-09,2855.5,16790.0
2020-12-10,2867.0,15980.0
2020-12-11,2795.0,21000.0
2020-12-14,2836.0,16400.0
2020-12-15,2814.5,15200.0
2020-12-16,2832.0,13880.0
2020-12-17,2856.0,25560.0
2020-12-18,2872.5,16670.0
2020-12-21,2834.5,26330.0
2020-12-22,2775.0,18670.0
2020-12-23,2819.0,15320.0
2020-12-24,2842.5,10580.0
2020-12-29,2762.0,22930.0
2020-12-30,2784.5,10690.0
2020-12-31,2751.0,13220.0
2021-01-04,2792.0,17900.0
2021-01-05,2813.0,16900.0
2021-01-06,2860.0,18190.0
2021-01-07,2888.0,16940.0
2021-01-08,2813.5,20420.0
2021-01-11,2767.5,19870.0
2021-01-12,2778.0,17080.0
2021-01-13,2773.5,14750.0
2021-01-14,2757.0,19310.0
2021-01-15,2699.0,17330.0
2021-01-18,2682.5,11980.0
2021-01-19,2686.0,13730.0
2021-01-20,2728.0,10970.0
2021-01-21,2709.0,11880.0
2021-01-22,2715.0,19760.0
2021-01-25,2705.5,9220.0
2021-01-26,2656.5,16079.999999999998
2021-01-27,2583.5,24120.0
2021-01-28,2592.5,25250.0
2021-01-29,2579.5,27000.0
2021-02-01,2570.5,18740.0
2021-02-02,2569.5,16030.000000000002
2021-02-03,2615.0,18770.0
2021-02-04,2627.0,17480.0
2021-02-05,2665.5,16820.0
2021-02-08,2651.0,16990.0
2021-02-09,2695.5,14970.0
2021-02-10,2725.0,15740.0
2021-02-11,2789.5,13600.0
2021-02-12,2834.0,17930.0
2021-02-15,2842.5,12860.0
2021-02-16,2827.5,12860.0
2021-02-17,2816.0,16420.0
2021-02-18,2855.5,21170.0
2021-02-19,2881.0,25850.0
2021-02-22,2899.0,22760.0
2021-02-23,2854.5,17880.0
2021-02-24,2846.5,21150.0
2021-02-25,2890.0,26900.0
2021-02-26,2792.5,25370.0
2021-03-01,2816.0,17800.0
2021-03-02,2851.0,27490.0
2021-03-03,2787.0,23250.0
2021-03-04,2748.5,36550.0
2021-03-05,2773.5,17950.0
2021-03-08,2782.0,15520.0
2021-03-09,2777.5,16800.0
2021-03-10,2764.0,11370.0
2021-03-11,2823.0,18780.0
2021-03-12,2804.0,12530.0
2021-03-15,2858.5,15190.0
2021-03-16,2810.0,21480.0
2021-03-17,2827.0,12590.0
2021-03-18,2792.0,14810.0
2021-03-19,2837.0,17270.0
2021-03-22,2866.0,16129.999999999998
2021-03-23,2838.5,21990.0
2021-03-24,2800.5,14830.0
2021-03-25,2771.0,16870.0
2021-03-26,2830.5,13320.0
2021-03-29,2829.5,15690.0
2021-03-30,2810.0,14470.0
2021-03-31,2818.5,14960.0
2021-04-01,2774.5,17640.0
2021-04-06,2824.0,20670.0
2021-04-07,2832.5,14040.0
2021-04-08,2854.5,18350.0
2021-04-09,2829.5,13640.0
2021-04-12,2758.0,20860.0
2021-04-13,2785.5,18770.0
2021-04-14,2823.0,16500.0
2021-04-15,2864.5,17460.0
2021-04-16,2856.0,15520.0
2021-04-19,2846.0,13260.0
2021-04-20,2814.0,16260.000000000002
2021-04-21,2815.0,18980.0
2021-04-22,2822.5,15070.0
2021-04-23,2852.0,14880.0
2021-04-26,2915.0,19760.0
2021-04-27,2925.5,24090.0
2021-04-28,2919.5,18730.0
2021-04-29,2919.0,24470.0
2021-04-30,2926.0,18220.0
2021-05-04,2968.0,20830.0
2021-05-05,2933.0,14960.0
2021-05-06,2943.5,17900.0
2021-05-07,3015.0,36280.0
2021-05-10,2991.5,26930.0
2021-05-11,3009.0,18800.0
2021-05-12,2969.0,22080.0
2021-05-13,2920.0,25470.0
2021-05-14,2938.0,15480.0
2021-05-17,3014.0,18900.0
2021-05-18,3057.0,42710.0
2021-05-19,2939.0,29130.0
2021-05-20,2959.5,17590.0
2021-05-21,2971.0,19160.0
2021-05-24,2948.5,19090.0
2021-05-25,2982.5,18030.0
2021-05-26,2968.5,12070.0
2021-05-27,3061.0,21260.0
2021-05-28,3060.0,19450.0
2021-06-01,3064.0,17700.0
2021-06-02,3082.5,17330.0
2021-06-03,2984.5,27340.0
2021-06-04,3010.5,12710.0
2021-06-07,2999.5,18290.0
2021-06-08,3016.5,13820.0
2021-06-09,3019.0,13180.0
2021-06-10,2995.0,14890.0
2021-06-11,3044.5,18050.0
2021-06-14,3044.5,13540.0
2021-06-15,3029.0,32700.000000000004
2021-06-16,3024.0,23910.0
2021-06-17,2911.5,30520.0
2021-06-18,2822.5,32820.0
2021-06-21,2837.0,21000.0
2021-06-22,2861.5,18130.0
2021-06-23,2893.0,13520.0
2021-06-24,2916.0,17420.0
2021-06-25,2907.5,20150.0
2021-06-28,2905.0,13620.0
2021-06-29,2950.5,18290.0
2021-06-30,2974.5,23310.0
2021-07-01,2938.5,16480.0
2021-07-02,2935.0,17950.0
2021-07-05,2945.5,13460.0
2021-07-06,2934.5,16500.0
2021-07-07,2958.5,14620.0
2021-07-08,2933.5,14410.0
2021-07-09,2977.0,14860.0
2021-07-12,2949.5,14680.0
2021-07-13,2934.5,14430.0
2021-07-14,2925.5,15110.0
2021-07-15,2968.5,14050.0
2021-07-16,3003.0,14320.0
2021-07-19,2977.0,22030.0
2021-07-20,2962.0,27260.0
2021-07-21,2929.0,16980.0
2021-07-22,2938.5,15900.0
2021-07-23,2963.0,14040.0
2021-07-26,3011.0,19010.0
2021-07-27,2982.5,22430.0
2021-07-28,2979.5,21570.0
2021-07-29,2998.0,21120.0
2021-07-30,3027.0,26710.0
2021-08-02,3050.5,29590.0
2021-08-03,2969.5,28800.0
2021-08-04,2973.5,15940.0
2021-08-05,3028.5,19340.0
2021-08-06,2983.5,26600.0
2021-08-09,2951.5,18180.0
2021-08-10,3000.0,16790.0
2021-08-11,3043.5,21940.0
2021-08-12,2992.5,17830.0
2021-08-13,3033.5,15650.0
2021-08-16,3031.0,14050.0
2021-08-17,3015.0,30320.0
2021-08-18,2985.0,18650.0
2021-08-19,2951.5,34990.0
2021-08-20,2928.5,22620.0
2021-08-23,2929.0,18520.0
2021-08-24,3018.0,30880.0
2021-08-25,3026.0,17570.0
2021-08-26,3002.0,13910.0
2021-08-27,3002.0,15160.0
2021-08-31,3003.5,15890.0
2021-09-01,2981.5,17800.0
2021-09-02,2979.0,14960.0
2021-09-03,2996.5,15640.0
2021-09-06,3007.5,10380.0
2021-09-07,3044.0,24590.0
2021-09-08,3062.0,26420.0
2021-09-09,3075.5,14320.0
2021-09-10,3119.0,21850.0
2021-09-13,3084.5,22870.0
2021-09-14,3052.0,21280.0
2021-09-15,3075.5,23400.0
2021-09-16,3082.0,18430.0
2021-09-17,3088.0,20740.0
2021-09-20,3014.0,19740.0
2021-09-21,2978.0,25080.0
2021-09-22,3025.5,25550.0
2021-09-23,3091.0,28360.0
2021-09-24,3128.5,23840.0
2021-09-27,3067.5,21220.0
2021-09-28,3079.0,17990.0
2021-09-29,3054.0,20270.0
2021-09-30,2988.0,23990.0
2021-10-01,2982.5,18360.0
2021-10-04,3016.0,17130.0
2021-10-05,3046.5,12590.0
2021-10-06,3014.5,16350.000000000002
2021-10-07,3049.5,12660.0
2021-10-08,3151.0,40360.0
2021-10-11,3230.0,39500.0
2021-10-12,3263.0,29960.0
2021-10-13,3401.5,47540.0
2021-10-14,3528.5,42760.0
2021-10-15,3794.5,56270.0
2021-10-18,3696.5,41940.0
2021-10-19,3508.0,52160.0
2021-10-20,3563.5,31290.0
2021-10-21,3429.5,38850.0
2021-10-22,3447.5,27810.0
2021-10-25,3459.5,12520.0
2021-10-26,3425.0,24940.0
2021-10-27,3335.0,25700.0
2021-10-28,3372.0,17180.0
2021-10-29,3378.5,25380.0
2021-11-01,3357.5,18760.0
2021-11-02,3342.5,18560.0
2021-11-03,3307.0,27280.0
2021-11-04,3240.5,26140.0
2021-11-05,3228.5,24350.0
2021-11-08,3271.0,19540.0
2021-11-09,3281.5,19180.0
2021-11-10,3292.0,12340.0
2021-11-11,3279.0,15030.0
2021-11-12,3267.5,16270.0
2021-11-15,3217.0,14810.0
2021-11-16,3223.0,20850.0
2021-11-17,3192.0,16079.999999999998
2021-11-18,3159.0,14220.0
2021-11-19,3238.0,19550.0
2021-11-22,3348.5,25370.0
2021-11-23,3301.0,17040.0
2021-11-24,3322.0,19740.0
2021-11-25,3300.5,10120.0
2021-11-26,3194.0,22590.0
2021-11-29,3198.0,16100.000000000002
2021-11-30,3200.5,28660.0
2021-12-01,3202.5,18120.0
2021-12-02,3146.0,22850.0
2021-12-03,3161.5,11780.0
2021-12-06,3162.5,15650.0
2021-12-07,3226.5,18650.0
2021-12-08,3310.0,20150.0
2021-12-09,3310.0,14190.0
2021-12-10,3328.5,10490.0
2021-12-13,3325.0,17200.0
2021-12-14,3304.5,17380.0
2021-12-15,3271.5,19880.0
2021-12-16,3422.0,58470.0
2021-12-17,3387.0,28580.0
2021-12-20,3354.5,17130.0
2021-12-21,3427.5,23510.0
2021-12-22,3531.5,29690.0
2021-12-23,3527.0,18880.0
2021-12-24,3519.0,7770.0
2021-12-29,3513.0,24100.0
2021-12-30,3532.5,15140.0
2021-12-31,3534.0,15140.0
2022-01-04,3604.0,28040.0
2022-01-05,3588.0,23530.0
2022-01-06,3550.0,18750.0
2022-01-07,3533.0,17280.0
2022-01-10,3477.0,450.0
2022-01-11,3556.0,25860.0
2022-01-12,3552.0,22570.0
2022-01-13,3563.5,21680.0
2022-01-14,3521.0,21420.0
2022-01-17,3508.0,10450.0
2022-01-18,3567.0,16430.0
2022-01-19,3581.5,18180.0
2022-01-20,3649.5,27730.0
2022-01-21,3635.0,20270.0
2022-01-24,3595.5,17260.0
2022-01-25,3572.5,12910.0
2022-01-26,3610.0,15650.0
2022-01-27,3630.5,26510.0
2022-01-28,3609.5,16079.999999999998
2022-01-31,3586.0,18490.0
2022-02-01,3602.5,12000.0
2022-02-02,3610.0,12840.0
2022-02-03,3596.5,15470.0
2022-02-04,3612.5,15450.0
2022-02-07,3625.0,18330.0
2022-02-08,3593.0,20320.0
2022-02-09,3644.5,16460.0
2022-02-10,3703.0,30440.0
2022-02-11,3626.5,24690.0
2022-02-14,3574.5,26470.0
2022-02-15,3582.0,19290.0
2022-02-16,3584.0,16280.000000000002
2022-02-17,3606.0,14510.0
2022-02-18,3575.5,25820.0
2022-02-21,3558.0,11640.0
2022-02-22,3605.0,17960.0
2022-02-23,3571.5,16920.0
2022-02-24,3641.0,26160.0
2022-02-25,3621.5,18430.0
2022-02-28,3666.0,26160.0
2022-03-01,3746.0,28570.0
2022-03-02,3861.0,44590.0
2022-03-03,3920.5,42980.0
2022-03-04,4051.0,31930.0
2022-03-07,4112.5,41460.0
2022-03-08,4135.5,57980.0
2022-03-09,3940.0,43050.0
2022-03-10,3863.0,19530.0
2022-03-11,3815.0,13060.0
2022-03-14,3809.0,14960.0
2022-03-15,3798.0,23490.0
2022-03-16,3808.5,17400.0
2022-03-17,3825.5,15120.0
2022-03-18,3826.0,10660.0
2022-03-21,3940.0,11370.0
2022-03-22,3888.0,11690.0
2022-03-23,4100.0,18240.0
2022-03-24,4039.0,21050.0
2022-03-25,4066.5,9360.0
2022-03-28,4087.5,9980.0
2022-03-29,4027.0,16690.0
2022-03-30,4149.0,12420.0
2022-03-31,4173.5,17810.0
2022-04-01,4339.0,17160.0
2022-04-04,4369.0,15770.0
2022-04-05,4296.5,11290.0
2022-04-06,4274.0,13310.0
2022-04-07,4188.0,12690.0
2022-04-08,4254.5,14700.0
2022-04-11,4290.0,19620.0
2022-04-12,4376.0,15110.0
2022-04-13,4461.5,18100.0
2022-04-14,4412.0,14270.0
2022-04-19,4498.5,18140.0
2022-04-20,4418.0,20050.0
2022-04-21,4450.0,12500.0
2022-04-22,4434.5,17330.0
2022-04-25,4168.5,27450.0
2022-04-26,4183.5,17640.0
2022-04-27,4219.5,16810.0
2022-04-28,4136.5,20270.0
2022-04-29,4107.0,18300.0
2022-05-03,3961.5,24460.0
2022-05-04,3965.0,16290.0
2022-05-05,3904.5,27340.0
2022-05-06,3772.0,23210.0
2022-05-09,3615.0,26270.0
2022-05-10,3597.5,20850.0
2022-05-11,3668.5,19430.0
2022-05-12,3530.0,25860.0
2022-05-13,3489.5,22640.0
2022-05-16,3563.5,17830.0
2022-05-17,3661.5,23310.0
2022-05-18,3620.0,12360.0
2022-05-19,3714.5,17140.0
2022-05-20,3707.0,12410.0
2022-05-23,3786.0,13200.0
2022-05-24,3790.5,14960.0
2022-05-25,3750.5,12820.0
2022-05-26,3735.5,11430.0
2022-05-27,3843.5,16790.0
2022-05-30,3900.5,18960.0
2022-05-31,3913.5,16040.0
2022-06-01,3864.5,18160.0
2022-06-06,3873.0,16379.999999999998
2022-06-07,3797.0,21760.0
2022-06-08,3821.5,14710.0
2022-06-09,3762.0,14250.0
2022-06-10,3692.5,13600.0
2022-06-13,3613.5,25210.0
2022-06-14,3596.5,17160.0
2022-06-15,3643.0,17310.0
2022-06-16,3577.5,23190.0
2022-06-17,3523.5,24770.0
2022-06-20,3517.5,15940.0
2022-06-21,3592.0,39280.0
2022-06-22,3536.5,23590.0
2022-06-23,3491.5,31020.0
2022-06-24,3350.0,37820.0
2022-06-27,3318.0,23600.0
2022-06-28,3333.0,18340.0
2022-06-29,3360.0,16920.0
2022-06-30,3157.0,38350.0
2022-07-01,3029.0,45950.0
2022-07-04,3118.0,15160.0
2022-07-05,2992.0,28560.0
2022-07-06,2998.0,24710.0
2022-07-07,3110.0,25330.0
2022-07-08,3099.0,
2022-07-11,3049.5,
2022-07-12,3019.5,
2022-07-13,2933.5,
2022-07-14,2866.5,
2022-07-15,2931.5,
2022-07-18,2992.5,
2022-07-19,2948.5,
2022-07-20,3001.5,
2022-07-21,2953.5,
2022-07-22,2993.5,
2022-07-25,2989.5,
2022-07-26,3034.5,
2022-07-27,3037.5,
2022-07-28,3160.0,20320.0
2022-07-29,3308.5,28830.0
2022-08-01,3328.0,22740.0
2022-08-02,3312.0,26640.0
2022-08-03,3277.0,20710.0
2022-08-04,3450.5,29210.0
2022-08-05,3488.5,30460.0
2022-08-08,3445.5,15890.0
2022-08-09,3536.5,22310.0
2022-08-10,3608.5,25620.0
2022-08-11,3686.5,27030.0
2022-08-12,3589.0,25430.0
2022-08-15,3563.5,20530.0
2022-08-16,3672.0,42980.0
2022-08-17,3513.5,22450.0
2022-08-18,3472.5,18140.0
2022-08-19,3487.5,14990.0
2022-08-22,3497.0,11060.0
2022-08-23,3484.5,16340.0
2022-08-24,3513.5,17410.0
2022-08-25,3548.0,14620.0
2022-08-26,3565.5,16050.0
2022-08-30,3482.0,20860.0
2022-08-31,3459.5,20200.0
2022-09-01,3259.5,43590.0
2022-09-02,3135.5,32220.0
2022-09-05,3197.5,16160.0
2022-09-06,3166.5,16780.0
2022-09-07,3123.5,19210.0
2022-09-08,3154.0,
2022-09-09,3167.5,20850.0
2022-09-12,3196.5,12040.0
2022-09-13,3227.0,22240.0
2022-09-14,3229.5,14300.0
2022-09-15,3186.5,16760.0
2022-09-16,3153.5,9740.0
2022-09-19,3140.5,9740.0
2022-09-20,3128.5,17460.0
2022-09-21,3098.5,19350.0
2022-09-22,3106.5,16970.0
2022-09-23,3008.0,21590.0
2022-09-26,2924.0,24310.0
2022-09-27,2861.5,24690.0
2022-09-28,2853.0,19570.0
2022-09-29,2929.5,24730.0
2022-09-30,2968.0,27010.0
2022-10-03,2960.5,14390.0
2022-10-04,3047.0,19280.0
2022-10-05,3044.0,22740.0
2022-10-06,3120.5,20900.0
2022-10-07,2991.5,16580.0
2022-10-10,2964.0,17500.0
2022-10-11,2928.5,17620.0
2022-10-12,2908.5,16970.0
2022-10-13,2901.0,19670.0
2022-10-14,2941.0,20030.0
2022-10-17,2866.5,19230.0
2022-10-18,2863.5,26190.0
2022-10-19,2899.0,16580.0
2022-10-20,2964.0,16090.0
2022-10-21,2928.0,21010.0
2022-10-24,2958.0,11290.0
2022-10-25,2905.0,16410.0
2022-10-26,2948.5,15460.0
2022-10-27,2942.0,14600.0
2022-10-28,2821.5,24000.0
2022-10-31,2697.0,35970.0
2022-11-01,2743.5,20920.0
2022-11-02,2748.5,10570.0
2022-11-03,2720.0,25570.0
2022-11-04,2874.0,35280.0
2022-11-07,2886.0,22060.0
2022-11-08,2931.0,24120.0
2022-11-09,2853.5,17680.0
2022-11-10,2884.0,21290.0
2022-11-11,3024.5,29880.0
2022-11-14,3131.5,26110.0
2022-11-15,3111.5,27370.0
2022-11-16,3053.5,18750.0
2022-11-17,2987.0,19320.0
2022-11-18,3031.0,16840.0
2022-11-21,2906.0,20890.0
2022-11-22,2914.5,18560.0
2022-11-23,2906.5,10190.0
2022-11-24,2918.0,6590.0
2022-11-25,2920.5,9350.0
2022-11-28,2937.0,12520.0
2022-11-29,2934.5,17530.0
2022-11-30,3037.5,27310.0
2022-12-01,3079.5,16750.0
2022-12-02,3079.0,17880.0
2022-12-05,3126.0,16650.0
2022-12-06,3156.0,27310.0
2022-12-07,3183.0,24710.0
2022-12-08,3236.5,18840.0
2022-12-09,3240.5,16190.000000000002
2022-12-12,3269.5,20230.0
2022-12-13,3318.5,21870.0
2022-12-14,3238.5,23670.0
2022-12-15,3160.0,32189.999999999996
2022-12-16,3018.0,26090.0
2022-12-19,3012.0,19420.0
2022-12-20,3082.5,18130.0
2022-12-21,3009.5,17460.0
2022-12-22,2948.0,18120.0
2022-12-23,2965.0,15230.0
2022-12-28,3005.5,18000.0
2022-12-29,2984.5,10720.0
2022-12-30,2972.5,10570.0
2023-01-03,3002.0,16260.000000000002
2023-01-04,2992.0,14750.0
2023-01-05,3005.0,15880.0
2023-01-06,3023.5,20440.0
2023-01-09,3205.5,33150.0
2023-01-10,3160.5,24240.0
2023-01-11,3207.0,19440.0
2023-01-12,3235.5,23830.0
2023-01-13,3324.0,28050.0
2023-01-16,3304.5,15620.0
2023-01-17,3295.0,13130.0
2023-01-18,3405.0,28030.0
2023-01-19,3457.5,30210.0
2023-01-20,3420.5,14660.0
2023-01-23,3420.5,11780.0
2023-01-24,3429.0,14440.0
2023-01-25,3450.0,13740.0
2023-01-26,3486.5,15630.0
2023-01-27,3413.5,14400.0
2023-01-30,3446.0,17860.0
2023-01-31,3389.0,19600.0
2023-02-01,3349.5,18690.0
2023-02-02,3382.5,21620.0
2023-02-03,3241.5,21820.0
2023-02-06,3131.0,22220.0
2023-02-07,3136.5,25520.0
2023-02-08,3132.0,25450.0
2023-02-09,3123.0,19460.0
2023-02-10,3042.5,22080.0
2023-02-13,3097.5,25140.0
2023-02-14,3082.5,19970.0
2023-02-15,3018.5,16620.0
2023-02-16,3003.5,23870.0
2023-02-17,3058.0,25720.0
2023-02-20,3126.0,15950.0
2023-02-21,3135.5,15860.0
2023-02-22,3057.0,18880.0
2023-02-23,3034.5,15540.0
2023-02-24,2964.0,24240.0
2023-02-27,2988.5,21260.0
2023-02-28,3000.5,18020.0
2023-03-01,3115.5,25450.0
2023-03-02,3048.0,20820.0
2023-03-03,3077.5,17870.0
2023-03-06,3032.5,14970.0
2023-03-07,2954.0,23660.0
2023-03-08,2975.0,22610.0
2023-03-09,2974.0,15290.0
2023-03-10,2937.0,23650.0
2023-03-13,2946.5,30450.0
2023-03-14,2909.5,24020.0
2023-03-15,2866.0,31820.0
2023-03-16,2857.5,21280.0
2023-03-17,2895.0,22740.0
2023-03-20,2885.5,19620.0
2023-03-21,2864.5,26230.0
2023-03-22,2866.0,13870.0
2023-03-23,2907.0,18040.0
2023-03-24,2891.5,16860.0
2023-03-27,2912.0,18480.0
2023-03-28,2936.5,13860.0
2023-03-29,2968.0,22120.0
2023-03-30,2932.0,15210.0
2023-03-31,2922.5,27880.0
2023-04-03,2898.5,18130.0
2023-04-04,2831.5,20120.0
2023-04-05,2789.5,22390.0
2023-04-06,2779.0,23510.0
2023-04-11,2757.5,18800.0
2023-04-12,2785.0,15510.0
2023-04-13,2837.0,17060.0
2023-04-14,2856.5,19810.0
2023-04-17,2832.0,12870.0
2023-04-18,2871.0,14000.0
2023-04-19,2790.0,34790.0
2023-04-20,2770.0,34330.0
2023-04-21,2719.0,28950.0
2023-04-24,2670.0,25430.0
2023-04-25,2600.0,27240.0
2023-04-26,2645.0,24970.0
2023-04-27,2621.0,24680.0
2023-04-28,2647.5,19430.0
2023-05-02,2609.5,22610.0
2023-05-03,2630.0,16550.0
2023-05-04,2622.5,19570.0
2023-05-05,2686.5,19400.0
2023-05-09,2674.0,17720.0
2023-05-10,2623.5,20520.0
2023-05-11,2548.0,27530.0
2023-05-12,2549.0,24340.0
2023-05-15,2532.0,15450.0
2023-05-16,2492.0,25730.0
2023-05-17,2524.0,19360.0
2023-05-18,2459.0,22440.0
2023-05-19,2479.0,30930.0
2023-05-22,2431.5,22650.0
2023-05-23,2372.5,26040.0
2023-05-24,2313.0,23680.0
2023-05-25,2272.0,41920.0
2023-05-26,2343.5,27230.0
2023-05-30,2302.5,25330.0
2023-05-31,2248.5,42270.0
2023-06-01,2267.0,26210.0
2023-06-02,2306.5,33380.0
2023-06-05,2288.5,21700.0
2023-06-06,2319.0,23950.0
2023-06-07,2398.5,33780.0
2023-06-08,2408.5,25530.0
2023-06-09,2404.5,24620.0
2023-06-12,2349.5,19580.0
2023-06-13,2381.5,19320.0
2023-06-14,2486.5,34770.0
2023-06-15,2480.5,28940.0
2023-06-16,2478.0,18850.0
2023-06-19,2437.0,13730.0
2023-06-20,2359.5,45840.0
2023-06-21,2416.0,24020.0
2023-06-22,2456.0,21480.0
2023-06-23,2364.5,18630.0
2023-06-26,2328.0,22600.0
2023-06-27,2386.5,19680.0
2023-06-28,2349.5,16190.000000000002
2023-06-29,2341.5,17030.0
2023-06-30,2388.0,20220.0
2023-07-03,2365.0,15300.0
2023-07-04,2411.0,10280.0
2023-07-05,2357.5,17520.0
2023-07-06,2363.5,14040.0
2023-07-07,2362.0,14670.0
2023-07-10,2353.0,16910.0
2023-07-11,2356.0,20610.0
2023-07-12,2425.5,28240.0
2023-07-13,2479.0,32229.999999999996
2023-07-14,2439.0,22580.0
2023-07-17,2410.0,20220.0
2023-07-18,2395.0,30740.0
2023-07-19,2359.5,30270.0
2023-07-20,2383.5,20830.0
2023-07-21,2372.0,18550.0
2023-07-24,2417.0,22110.0
2023-07-25,2488.0,38250.0
2023-07-26,2473.5,23790.0
2023-07-27,2454.0,29880.0
2023-07-28,2497.5,24890.0
2023-07-31,2565.0,35450.0
2023-08-01,2569.0,29090.0
2023-08-02,2482.5,28960.0
2023-08-03,2485.0,21690.0
2023-08-04,2504.0,22040.0
2023-08-07,2496.5,14780.0
2023-08-08,2456.0,86840.0
2023-08-09,2479.5,21300.0
2023-08-10,2457.0,22660.0
2023-08-11,2397.5,29160.0
2023-08-14,2349.5,29280.0
2023-08-15,2314.5,47430.0
2023-08-16,2283.5,43360.0
2023-08-17,2298.0,33870.0
2023-08-18,2300.0,22560.0
2023-08-21,2317.5,22780.0
2023-08-22,2332.0,20120.0
2023-08-23,2371.0,18490.0
2023-08-24,2394.0,25870.0
2023-08-25,2382.5,22560.0
2023-08-29,2440.0,30960.0
2023-08-30,2435.0,25070.0
2023-08-31,2430.5,29360.0
2023-09-01,2485.5,28930.0
2023-09-04,2479.5,14960.0
2023-09-05,2472.5,21350.0
2023-09-06,2463.0,19900.0
2023-09-07,2479.5,23260.0
2023-09-08,2443.5,26800.0
2023-09-11,2509.5,30420.0
2023-09-12,2479.0,22350.0
2023-09-13,2526.0,20180.0
2023-09-14,2570.0,43360.0
2023-09-15,2520.5,27280.0
2023-09-18,2542.0,22700.0
2023-09-19,2497.5,26910.0
2023-09-20,2555.5,36930.0
2023-09-21,2514.0,28470.0
2023-09-22,2562.0,31000.0
2023-09-25,2532.0,19240.0
2023-09-26,2511.0,29080.0
2023-09-27,2476.5,33740.0
2023-09-28,2620.5,55820.0
2023-09-29,2649.5,35900.0
2023-10-02,2600.5,28840.0
2023-10-03,2502.0,35430.0
2023-10-04,2493.0,31330.0
2023-10-05,2476.5,18300.0
2023-10-06,2509.0,16700.0
2023-10-09,2513.0,26370.0
2023-10-10,2472.0,28140.0
2023-10-11,2476.5,16850.0
2023-10-12,2449.5,20270.0
2023-10-13,2446.0,21640.0
2023-10-16,2446.0,16650.0
2023-10-17,2421.0,37540.0
2023-10-18,2436.5,15640.0
2023-10-19,2414.5,14170.0
2023-10-20,2438.0,17400.0
2023-10-23,2420.0,23010.0
2023-10-24,2442.5,19480.0
2023-10-25,2480.0,24370.0
2023-10-26,2435.0,24520.0
2023-10-27,2471.5,20990.0
2023-10-30,2465.5,18140.0
2023-10-31,2429.5,20450.0
2023-11-01,2500.0,51220.0
2023-11-02,2478.0,27940.0
2023-11-03,2524.5,19380.0
2023-11-06,2573.0,31120.0
2023-11-07,2568.0,25310.0
2023-11-08,2610.0,28600.0
2023-11-09,2602.5,17540.0
2023-11-10,2562.0,22570.0
2023-11-13,2553.0,19660.0
2023-11-14,2600.5,22340.0
2023-11-15,2656.0,38910.0
2023-11-16,2576.0,41690.0
2023-11-17,2555.0,33950.0
2023-11-20,2563.5,23020.0
2023-11-21,2546.0,31030.0
2023-11-22,2495.0,33050.0
2023-11-23,2537.5,16640.0
2023-11-24,2553.5,15630.0
2023-11-27,2539.0,21990.0
2023-11-28,2537.5,25410.0
2023-11-29,2501.0,26940.0
2023-11-30,2475.5,34810.0
2023-12-01,2509.5,30630.0
2023-12-04,2453.0,29740.0
2023-12-05,2421.5,36960.0
2023-12-06,2428.5,32030.0
2023-12-07,2406.5,28090.0
2023-12-08,2399.5,38530.0
2023-12-11,2407.0,27190.0
2023-12-12,2430.5,28420.0
2023-12-13,2426.5,19830.0
2023-12-14,2493.0,38260.0
2023-12-15,2532.0,31170.0
2023-12-18,2539.0,28920.0
2023-12-19,2581.5,31220.0
2023-12-20,2573.0,43330.0
2023-12-21,2547.0,21480.0
2023-12-22,2601.0,23850.0
2023-12-27,2641.5,24970.0
2023-12-28,2641.0,21520.0
2023-12-29,2658.0,20900.0
2024-01-02,2621.0,29620.0
2024-01-03,2585.5,27440.0
2024-01-04,2538.0,25150.0
2024-01-05,2562.5,26440.0
2024-01-08,2509.0,28190.0
2024-01-09,2503.5,22400.0
2024-01-10,2495.5,27400.0
2024-01-11,2502.5,23160.0
2024-01-12,2514.0,23830.0
2024-01-15,2558.5,24530.0
2024-01-16,2547.0,21780.0
2024-01-17,2466.0,41520.0
2024-01-18,2462.5,30620.0
2024-01-19,2462.0,23400.0
2024-01-22,2456.5,21500.0
2024-01-23,2519.5,32240.000000000004
2024-01-24,2584.5,35940.0
2024-01-25,2580.0,28380.0
2024-01-26,2577.5,20240.0
2024-01-29,2552.0,18020.0
2024-01-30,2564.5,18180.0
2024-01-31,2527.5,30100.0
2024-02-01,2478.0,36000.0
2024-02-02,2451.0,31390.0
2024-02-05,2420.0,29540.0
2024-02-06,2432.5,30600.0
2024-02-07,2400.5,38350.0
2024-02-08,2327.5,36260.0
2024-02-09,2300.5,31810.0
2024-02-12,2320.0,29150.0
2024-02-13,2314.5,29460.0
2024-02-14,2312.5,29570.0
2024-02-15,2354.5,34840.0
2024-02-16,2385.0,28490.0
2024-02-19,2401.5,29150.0
2024-02-20,2379.0,25900.0
2024-02-21,2394.5,28310.0
2024-02-22,2386.5,23610.0
2024-02-23,2405.0,23900.0
2024-02-26,2424.5,29110.0
2024-02-27,2422.0,23080.0
2024-02-28,2414.5,31740.0
2024-02-29,2426.0,26990.0
2024-03-01,2417.0,26940.0
2024-03-04,2449.0,26100.0
2024-03-05,2455.0,36200.0
2024-03-06,2494.5,37940.0
2024-03-07,2535.0,49880.0
2024-03-08,2527.5,41890.0
2024-03-11,2567.0,31080.0
2024-03-12,2561.0,39950.0
2024-03-13,2576.0,32590.000000000004
2024-03-14,2548.0,27680.0
2024-03-15,2561.0,25520.0
2024-03-18,2532.0,27950.0
2024-03-19,2505.5,45470.0
2024-03-20,2508.5,20530.0
2024-03-21,2524.5,30970.0
2024-03-22,2484.0,33600.0
2024-03-25,2495.5,27440.0
2024-03-26,2442.0,32729.999999999996
2024-03-27,2437.0,39210.0
2024-03-28,2439.0,27070.0
2024-04-02,2479.5,48710.0
2024-04-03,2548.0,42460.0
2024-04-04,2645.5,50830.0
2024-04-05,2638.5,49460.0
2024-04-08,2664.0,81570.0
2024-04-09,2709.5,62750.0
2024-04-10,2735.5,59240.0
2024-04-11,2758.5,47400.0
2024-04-12,2828.5,68100.0
2024-04-15,2774.5,56580.0
2024-04-16,2771.0,39300.0
2024-04-17,2839.0,42380.0
2024-04-18,2812.5,37720.0
2024-04-19,2852.0,36070.0
2024-04-22,2832.0,28190.0
2024-04-23,2792.5,30160.0
2024-04-24,2805.0,24640.0
2024-04-25,2848.0,33250.0
2024-04-26,2844.0,33500.0
2024-04-29,2943.5,34650.0
2024-04-30,2926.0,47750.0
2024-05-01,2881.0,29810.0
2024-05-02,2886.0,33260.0
2024-05-03,2903.0,25080.0
2024-05-07,2960.0,37990.0
2024-05-08,2905.5,32900.0
2024-05-09,2909.5,25500.0
2024-05-10,2930.5,29170.0
2024-05-13,2997.5,32200.000000000004
2024-05-14,3003.5,29300.0
2024-05-15,2976.0,40940.0
2024-05-16,2960.0,29490.0
2024-05-17,3031.0,29860.0
2024-05-20,3114.0,38820.0
2024-05-21,3139.5,43830.0
2024-05-22,3062.5,32549.999999999996
2024-05-23,3062.5,28590.0
2024-05-24,3057.0,20110.0
2024-05-28,3100.0,20540.0
2024-05-29,3103.0,27310.0
2024-05-30,3071.5,32009.999999999996
2024-05-31,2969.5,33530.0
2024-06-03,2943.0,36270.0
2024-06-04,2935.0,34310.0
2024-06-05,2864.0,45460.0
2024-06-06,2910.0,30890.0
2024-06-07,2767.0,38320.0
2024-06-10,2850.5,33690.0
2024-06-11,2771.0,49020.0
2024-06-12,2894.0,36200.0
2024-06-13,2860.0,28170.0
2024-06-14,2767.5,39730.0
2024-06-17,2815.5,29120.0
2024-06-18,2838.0,33570.0
2024-06-19,2869.0,16059.999999999998
2024-06-20,2873.5,16570.0
2024-06-21,2844.0,19580.0
2024-06-24,2846.0,19520.0
2024-06-25,2871.0,20780.0
2024-06-26,2941.0,37880.0
2024-06-27,2929.5,21460.0
2024-06-28,2937.5,33440.0
2024-07-01,2928.5,31430.0
2024-07-02,2922.5,22550.0
2024-07-03,2991.0,28380.0
2024-07-04,2986.5,17750.0
2024-07-05,3001.0,27510.0
2024-07-08,2955.5,23400.0
2024-07-09,2930.5,26670.0
2024-07-10,2965.5,27310.0
2024-07-11,2959.0,23130.0
2024-07-12,2943.0,23900.0
2024-07-15,2955.0,21020.0
2024-07-16,2885.0,40230.0
2024-07-17,2847.5,30760.0
2024-07-18,2809.0,34770.0
2024-07-19,2776.5,29290.0
2024-07-22,2726.5,45760.0
2024-07-23,2688.5,38520.0
2024-07-24,2685.0,35260.0
2024-07-25,2681.0,39160.0
2024-07-26,2669.0,29320.0
2024-07-29,2637.0,28780.0
2024-07-30,2629.0,30440.0
2024-07-31,2675.5,31550.0
2024-08-01,2707.0,30320.0
2024-08-02,2653.0,30440.0
2024-08-05,2633.5,44460.0
2024-08-06,2601.0,37180.0
2024-08-07,2581.5,32490.000000000004
2024-08-08,2646.0,34080.0
2024-08-09,2736.5,45700.0
2024-08-12,2743.0,30930.0
2024-08-13,2688.5,38150.0
2024-08-14,2715.0,35140.0
2024-08-15,2782.0,30370.0
2024-08-16,2762.5,21080.0
2024-08-19,2787.0,25440.0
2024-08-20,2805.0,33750.0
2024-08-21,2850.5,35260.0
2024-08-22,2858.0,31370.0
2024-08-23,2912.0,34800.0
2024-08-27,2943.0,33030.0
2024-08-28,2881.0,37590.0
2024-08-29,2878.0,26600.0
2024-08-30,2897.0,28910.0
2024-09-02,2841.0,24810.0
2024-09-03,2846.0,31630.0
2024-09-04,2795.5,35960.0
2024-09-05,2737.5,41060.0
2024-09-06,2717.5,36970.0
2024-09-09,2731.0,33920.0
2024-09-10,2712.0,29830.0
2024-09-11,2770.0,39050.0
2024-09-12,2856.0,38050.0
2024-09-13,2904.5,31350.0
2024-09-16,2946.0,31050.0
2024-09-17,2926.0,33240.0
2024-09-18,2886.0,54870.0
2024-09-19,2929.5,33490.0
2024-09-20,2874.0,33800.0
2024-09-23,2885.0,31700.0
2024-09-24,3009.5,43560.0
2024-09-25,2997.5,37590.0
2024-09-26,3099.0,41990.0
2024-09-27,3089.5,41330.0
2024-09-30,3091.0,34380.0
2024-10-01,3146.5,28710.0
2024-10-02,3173.5,22720.0
2024-10-03,3124.0,25740.0
2024-10-04,3166.0,24210.0
2024-10-07,3174.5,22610.0
2024-10-08,3091.0,45020.0
2024-10-09,3020.0,46320.0
2024-10-10,3086.5,33210.0
2024-10-11,3154.0,32930.0
2024-10-14,3082.5,39730.0
2024-10-15,3053.0,42210.0
2024-10-16,3052.5,34460.0
2024-10-17,3052.0,32340.000000000004
2024-10-18,3089.5,26900.0
2024-10-21,3075.5,30810.0
2024-10-22,3137.5,29020.0
2024-10-23,3144.0,47950.0
2024-10-24,3174.5,61370.0
2024-10-25,3102.0,55390.0
2024-10-28,3139.0,30160.0
2024-10-29,3122.0,35000.0
2024-10-30,3086.5,27410.0
2024-10-31,3029.0,39810.0
2024-11-01,3069.5,37010.0
2024-11-04,3035.5,34170.0
2024-11-05,3103.5,33760.0
2024-11-06,2973.0,47690.0
2024-11-07,3052.0,40060.0
2024-11-08,2979.5,38020.0
2024-11-11,2979.0,28280.0
2024-11-12,2938.0,33110.0
2024-11-13,2981.0,33860.0
2024-11-14,2942.5,40330.0
2024-11-15,2947.5,46810.0
2024-11-18,2951.5,30080.0
2024-11-19,2951.0,35790.0
2024-11-20,2987.5,34350.0
2024-11-21,2990.0,27890.0
2024-11-22,2966.5,25840.0
2024-11-25,3020.0,23420.0
2024-11-26,3075.5,44670.0
2024-11-27,3131.5,40610.0
2024-11-28,3054.0,37990.0
2024-11-29,3103.0,33120.0
2024-12-02,3076.5,26260.0
2024-12-03,3095.5,32490.000000000004
2024-12-04,3099.0,28660.0
2024-12-05,3118.5,27120.0
2024-12-06,3071.5,33340.0
2024-12-09,3126.0,36050.0
2024-12-10,3135.0,20200.0
2024-12-11,3125.5,22340.0
2024-12-12,3075.0,28810.0
2024-12-13,3095.5,25930.0
2024-12-16,3056.0,21870.0
2024-12-17,3035.5,30020.0
2024-12-18,2995.0,26830.0
2024-12-19,2967.0,49210.0
2024-12-20,2971.5,27620.0
2024-12-23,2984.5,23230.0
2024-12-24,3049.0,17760.0
2024-12-27,3031.5,20000.0
2024-12-30,3019.0,21590.0
2024-12-31,2978.5,17110.0
2025-01-02,2927.0,44370.0
2025-01-03,2888.0,35570.0
2025-01-06,2901.5,38500.0
2025-01-07,2875.5,37040.0
2025-01-08,2825.0,48170.0
2025-01-09,2848.0,36980.0
2025-01-10,2868.0,33900.0
2025-01-13,2865.5,31850.0
2025-01-14,2862.5,34790.0
2025-01-15,2863.0,
2025-01-16,2876.0,
2025-01-17,2946.0,
2025-01-20,2960.0,
2025-01-21,2911.0,
2025-01-22,2895.0,
2025-01-23,2846.0,
2025-01-24,2828.0,
2025-01-27,2830.5,
2025-01-28,2772.5,
2025-01-29,2788.5,
2025-01-30,2788.5,
2025-01-31,2750.5,
2025-02-03,2806.5,
2025-02-04,2813.5,
2025-02-05,2791.5,
2025-02-06,2823.5,
2025-02-07,2849.5,
2025-02-10,2850.5,
2025-02-11,2829.5,
2025-02-12,2870.5,
2025-02-13,2840.5,
2025-02-14,2847.5,
2025-02-17,2875.5,
2025-02-18,2894.5,
2025-02-19,2876.5,
2025-02-20,2916.5,
2025-02-21,2928.5,
2025-02-24,2850.3,
2025-02-25,2808.4,
2025-02-26,2821.5,
2025-02-27,2814.5,
2025-02-28,2800.73,
2025-03-03,2849.0,
2025-03-04,2818.75,
2025-03-05,2881.5,
2025-03-06,2932.35,
2025-03-07,2882.35,
2025-03-10,2848.68,
2025-03-11,2917.5,
2025-03-12,2938.23,
2025-03-13,2950.33,
2025-03-14,2979.13,
2025-03-17,2960.18,
2025-03-18,2956.83,
2025-03-19,2925.18,
2025-03-20,2929.83,
2025-03-21,2930.13,
2025-03-24,2944.5,
2025-03-25,2971.83,
2025-03-26,2955.93,
2025-03-27,2897.93,
2025-03-28,2855.5,
2025-03-31,2855.4,
2025-04-01,2823.45,
2025-04-02,2787.5,
2025-04-03,2715.1,
2025-04-04,2661.4,
2025-04-07,2635.78,
2025-04-08,2564.7,
2025-04-09,2562.35,
2025-04-10,2626.5,
2025-04-11,2657.15,
2025-04-14,2638.65,
2025-04-15,2614.2,
2025-04-16,2589.4,
2025-04-17,2591.8,
2025-04-22,2607.5,
2025-04-23,2644.25,
2025-04-24,2699.65,
2025-04-25,2650.6,
2025-04-28,2640.7,
2025-04-29,2649.3,
2025-04-30,2585.0,
2025-05-01,2575.05,
2025-05-02,2611.8,
2025-05-06,2631.85,
2025-05-07,2617.9,
2025-05-08,2628.0,
2025-05-09,2655.9,
2025-05-12,2678.0,
2025-05-13,2716.45,
2025-05-14,2759.55,
2025-05-15,2728.65,
2025-05-16,2690.85,
2025-05-19,2673.95,
2025-05-20,2716.6,
2025-05-21,2690.5,
2025-05-22,2705.3,
2025-05-23,2708.0,
2025-05-27,2705.85,
2025-05-28,2688.6,
2025-05-29,2674.75,
2025-05-30,2636.2,
2025-06-02,2697.75,
2025-06-03,2703.5,
2025-06-04,2701.85,
2025-06-05,2689.0,
2025-06-06,2667.0,
2025-06-09,2652.5,
2025-06-10,2657.3,
2025-06-11,2654.6,
2025-06-12,2644.75,
2025-06-13,2627.0,
2025-06-16,2661.4,
2025-06-17,2639.25,
2025-06-18,2640.8,
2025-06-19,2645.0,
2025-06-20,2640.75,
2025-06-23,2686.85,
2025-06-24,2690.15,
2025-06-25,2709.35,
2025-06-26,2776.55,
2025-06-27,2782.55,
2025-06-30,2752.7,
2025-07-01,2716.65,
2025-07-02,2755.6,
2025-07-03,2745.5,
2025-07-04,2728.65,
2025-07-07,2686.45,
2025-07-08,2730.45,
2025-07-09,2745.5,
2025-07-10,2781.95,
2025-07-11,2737.5,
2025-07-14,2727.75,
2025-07-15,2698.15,
2025-07-16,2705.2,
2025-07-17,2740.3,
2025-07-18,2824.35,
2025-07-21,2844.75,
2025-07-22,2856.5,
2025-07-23,2865.5,
2025-07-24,2842.8,
2025-07-25,2831.6,
2025-07-28,2815.55,
2025-07-29,2817.5,
2025-07-30,2796.25,
2025-07-31,2766.15,
2025-08-01,2732.85,
2025-08-04,2752.15,
2025-08-05,2760.45,
2025-08-06,2795.85,
2025-08-07,2817.05,
2025-08-08,2832.1,
2025-08-11,2813.5,
2025-08-12,2851.5,
2025-08-13,2827.5,
2025-08-14,2842.0,
2025-08-15,2795.0,
2025-08-18,2781.5,
2025-08-19,2769.1,
2025-08-20,2788.5,
2025-08-21,2768.05,
2025-08-22,2807.02,
2025-08-26,2808.05,
2025-08-27,2763.45,
2025-08-28,2790.0,
2025-08-29,2826.7,
2025-09-01,2835.7,
2025-09-02,2868.5,
2025-09-03,2869.27,
2025-09-04,2839.6,
2025-09-05,2863.6,
2025-09-08,2875.95,
2025-09-09,2862.4,
2025-09-10,2890.4,
2025-09-11,2901.25,
2025-09-12,2948.8,
2025-09-15,2977.8,
2025-09-16,2981.8,
2025-09-17,2939.95,
2025-09-18,2912.35,
2025-09-19,2894.3,
2025-09-22,2901.65,
2025-09-23,2891.5,
2025-09-24,2933.3,
2025-09-25,2928.1,
2025-09-26,2893.45,
2025-09-29,2945.05,
2025-09-30,2953.9,
2025-10-01,2992.2,
2025-10-02,3020.55,
2025-10-03,3029.65,
2025-10-06,3006.9,
2025-10-07,3044.55,
2025-10-08,3003.6,
2025-10-09,3017.6,
2025-10-10,2995.85,
2025-10-13,3022.45,
2025-10-14,2946.65,
2025-10-15,2941.85,
2025-10-16,2972.7,
2025-10-17,2940.45,
2025-10-20,2971.85,
2025-10-21,2993.9,
2025-10-22,3029.33,
2025-10-23,3021.95,
2025-10-24,3023.6,
2025-10-27,3060.15,
2025-10-28,3062.52,
2025-10-29,3080.73,
2025-10-30,3039.98,
2025-10-31,3054.88,
2025-11-03,3107.1,
2025-11-04,3084.5,
2025-11-05,3058.1,
2025-11-06,3052.85,
2025-11-07,3066.55,
2025-11-10,3085.77,
2025-11-11,3068.5,
2025-11-12,3076.2,
2025-11-13,3048.9,
2025-11-14,3018.55,
2025-11-17,2991.6,
2025-11-18,2989.45,
2025-11-19,2985.95,
2025-11-20,3011.25,
2025-11-21,2992.8,
2025-11-24,3002.1,
2025-11-25,3003.9,
2025-11-26,3055.2,
2025-11-27,3020.4,
2025-11-28,3060.2,
2025-12-01,3101.45,
2025-12-02,3063.1,
2025-12-03,3068.75,
2025-12-04,3089.85,
2025-12-05,3097.2,
2025-12-08,3120.4,
2025-12-09,3092.4,
2025-12-10,3081.8,
2025-12-11,3211.1,
2025-12-12,3130.6,
2025-12-15,3088.75,
2025-12-16,3034.7,
2025-12-17,3065.2,
2025-12-18,3063.9,
2025-12-19,3078.25,
2025-12-22,3080.45,
2025-12-23,3100.3,
2025-12-24,3090.8,
2025-12-29,3087.48,
2025-12-30,3132.05,
2025-12-31,3121.7,
2026-01-02,3130.1,
2026-01-05,3206.85,
2026-01-06,3249.45,
2026-01-07,3175.05,
2026-01-08,3133.85,
2026-01-09,3155.45,
2026-01-12,3202.8,
2026-01-13,3212.05,
2026-01-14,3279.95,
2026-01-15,3314.2,
2026-01-16,3208.95,
2026-01-19,3229.5,
2026-01-20,3178.9,
2026-01-21,3167.8,
2026-01-22,3229.35,
2026-01-23,3279.25,
2026-01-26,3354.65,
2026-01-27,3360.9,
2026-01-28,3384.6,
2026-01-29,3431.75,
2026-01-30,3393.63,
2026-02-02,3321.2,
2026-02-03,3328.5,
2026-02-04,3315.3,
2026-02-05,3307.7,
2026-02-06,3365.05,
2026-02-09,3384.0,
2026-02-10,3392.6,
2026-02-11,3417.55,
2026-02-12,3368.45,
2026-02-13,3347.35,
2026-02-16,3290.55,
2026-02-17,3284.85,
2026-02-18,3374.15,
2026-02-19,3341.1,
2026-02-20,3377.95,
2026-02-23,3348.4,
2026-02-24,3394.65,
2026-02-25,3388.75,
2026-02-26,3372.8,
2026-02-27,3319.75,
2026-03-02,3322.15,
2026-03-03,3273.0,
2026-03-04,3321.15,
2026-03-05,3236.6,
2026-03-06,3302.05,
2026-03-09,3325.5,
2026-03-10,3345.7,
2026-03-11,3309.05,
2026-03-12,3316.5,
2026-03-13,3290.3,
2026-03-16,3270.45,
2026-03-17,3231.65,
2026-03-18,3141.45,
2026-03-19,3071.25,
2026-03-20,3073.4,
2026-03-23,3092.7,
2026-03-24,3044.15,
2026-03-25,3095.15,
2026-03-26,3087.25,
2026-03-27,3118.55,
2026-03-30,3200.55,
2026-03-31,3234.3,
2026-04-01,3306.5,
2026-04-02,3263.1,
2026-04-07,3315.1,
2026-04-08,3293.25,
2026-04-09,3331.45,
2026-04-10,3326.6,
2026-04-13,3319.95,
2026-04-14,3343.6,
2026-04-15,3397.25,
2026-04-16,3425.4,
2026-04-17,3436.2,
2026-04-20,3412.4,
2026-04-21,3450.85,
2026-04-22,3471.45,
2026-04-23,3463.0,
2026-04-24,3476.45,
2026-04-27,3399.6,
2026-04-28,3371.15,
2026-04-29,3316.2,
2026-04-30,3368.4,
2026-05-01,3340.45,
2026-05-05,3369.3,
2026-05-06,3409.45,
2026-05-07,3451.1,
2026-05-08,3429.2,
2026-05-11,3477.35,
2026-05-12,3526.95,
2026-05-13,3559.35,
2026-05-14,3584.65,
2026-05-15,3528.75,
2026-05-18,3524.1,
2026-05-19,3511.55,
2026-05-20,3561.85,
2026-05-21,3521.35,
2026-05-22,3541.8,
2026-05-26,3535.25,
2026-05-27,3518.3,
2026-05-28,3561.2,
2026-05-29,3534.4,
2026-06-01,3572.15,
2026-06-02,3640.95,
2026-06-03,3592.6,
2026-06-04,3587.25,
2026-06-05,3526.15,
2026-06-08,3537.2,
2026-06-09,3544.05,
2026-06-10,3481.65,
2026-06-11,3494.45,
2026-06-12,3578.25,
2026-06-15,3584.35,
2026-06-16,3565.6,
2026-06-17,3603.05,
2026-06-18,3640.8,
2026-06-19,3563.45,
2026-06-22,3610.35,
2026-06-23,3498.85,
2026-06-24,3418.25,
2026-06-25,3443.85,
2026-06-26,3502.85,
2026-06-29,3486.7,
2026-06-30,3558.3,
2026-07-01,3505.25,
2026-07-02,3486.25,
2026-07-03,3549.6,
2026-07-06,3583.15,
2026-07-07,3574.85,
2026-07-08,3530.1,
2026-07-09,3629.0,
2026-07-10,3614.3,
2026-07-13,3565.7,
2026-07-14,3595.9,
2026-07-15,3548.45,
2026-07-16,3581.1,
2026-07-17,3524.8,
2026-07-20,3514.75,
2026-07-21,3552.6,
2026-07-22,3592.85,
2026-07-23,3585.85,
2026-07-24,3589.65,
2026-07-27,3618.3,
2026-07-28,3578.3,
2026-07-29,3575.8,
2026-07-30,3617.5,
2026-07-31,3645.5,
2026-08-03,3636.35,
2026-08-04,3666.9,
2026-08-05,3729.1,
2026-08-06,3761.55,
2026-08-07,3697.35,
2026-08-10,3734.45,
2026-08-11,3730.65,
2026-08-12,3737.25,
2026-08-13,3737.45,
2026-08-14,3758.25,
2026-08-17,3760.8,
2026-08-18,3695.9,
